station_number,station_name_english,stn_name_heb,first_data_date,last_data_date
110010,ROSH HA NIQRA POLICE,ראש הנקרה תחנה משטרה,1933-09,1948-05
110021,ROSH HANIQRA,ראש הנקרה,2007-09,2024-04
110050,KEFAR ROSH HANIQRA,כפר ראש הנקרה,1949-09,2024-04
110100,SHELOMI - EL-BASSA,שלומי - אל-בסה,1946-02,1947-05
110150,BEZET,בצת,1953-09,1967-05
110180,AKHZIV FIELD SCHOOL,"אכזיב בי""""ס שדה",1980-02,1992-01
110200,LIMAN,לימן,1952-09,2024-04
110220,KHIRBET MAWAT - KEZIV RIVER,חרבת מנות - נחל כזיב,1960-09,1977-05
110230,MANOT ANIMAL QUARANTINE,מנות תחנת הסגר,1933-09,1938-05
110250,MAZZUVA PLANTATION,מצובה - מטעים,1957-02,1959-05
110300,GESHER HAZIW,גשר הזיו,1949-09,1954-05
110301,GESHER HAZIW SCHOOL,"גשר הזיו בי""""ס",1956-09,1999-05
110330,KSIV PLAIN,מישור כזיב,1964-10,1973-05
110340,NAHARIYYA NORTH,נהרייה צפון,1962-09,1985-03
110350,SA'AR,סער,1946-09,1984-05
110351,SA'AR,סער,1984-10,2024-04
110390,NAHARIYYA RASKO,נהרייה שכונת רסקו,2000-01,2024-04
110400,NAHARIYYA,נהרייה,1938-09,1995-05
110450,NAHARIYYA HEBREW UNI.,נהרייה אוניברסיטה עברית,1941-09,1947-05
110500,EVRON,עברון,1946-09,2002-05
110501,EVRON,עברון,2002-09,2004-10
110502,EVRON,עברון,2004-11,2024-04
110520,SHAVE ZIYYON,שבי ציון,1963-01,2007-02
110521,SHAVE ZIYYON,שבי ציון,2009-09,2024-04
110550,REGBA,רגבה,1950-09,1984-05
110551,REGBA,רגבה,1984-10,1997-05
110552,REGBA,רגבה,1997-09,2024-04
110570,LOHAME HAGETA'OT,לוחמי הגיטאות,1960-09,1999-05
110600,BET HAEMEQ,בית העמק,1949-09,2024-04
110650,SHAMERAT,שמרת,1950-09,2005-05
110695,AKKO,עכו,1985-10,2024-04
110700,AKKO EXP FARM,עכו חוות נסיונות,1924-09,1986-05
110701,AKKO YAD NATAN SCHOOL,"עכו בי""""ס יד נתן",1964-10,1974-05
110702,AKKO YAD NATAN SCHOOL,"עכו בי""""ס יד נתן",1974-10,1976-01
110705,AKKO EXP. FARM,עכו חוות נסיונות,1967-10,1971-10
110706,AKKO FARM,עכו חוה אזורית,1977-02,1985-05
110800,ACRE FOREST DEP,עכו מחלקת ייעור,1940-09,1944-01
110850,MAKER,מכר,1954-09,1967-10
110870,JUDEIDE,ג'דיידה,1962-09,1965-03
110900,MISHMAR HAYAM,משמר הים,1941-09,1945-05
110950,EN HAMIFRAZ,עין המפרץ,1938-09,1945-05
110951,EN HAMIFRAZ,עין המפרץ,2010-09,2024-04
110970,YAS'UR,יסעור,1951-09,1974-05
110971,YAS'UR,יסעור,1974-09,1978-05
110972,YAS'UR,יסעור,1978-09,2004-05
110973,YAS'UR,יסעור,2004-09,2012-05
110974,YAS'UR,יסעור,2012-09,2018-06
110975,YAS'UR SCHOOL,"יסעור - בי""""ס",1958-09,1960-05
111000,KEFAR MASARYK,כפר מסריק,1940-09,1974-05
111001,KEFAR MASARYK,כפר מסריק,1974-10,2024-04
111040,AFEQ MAN,אפק מאוישת,1991-09,2012-10
111050,QIRYAT BIALIK  - ATTA FACTORY,"קרית ביאליק - מפעל """"אתא""",1949-09,1985-01
111145,AFEQ,אפק,2004-09,2024-04
111150,AFEQ,אפק,1950-09,1971-11
111200,QIRYAT HAIYM 2 WEST,קריית חיים מערב,1939-09,1944-05
111250,QIRYAT MOTZKIN,קריית מוצקין,1957-09,1971-05
111290,QIRYAT HAYYIM,קריית חיים,1959-09,1977-05
111300,QIRYAT HAYYIM,קריית חיים מכון המים,1937-09,1976-05
111348,QIRYAT BIALIK FARM,קריית ביאליק חוה,1979-10,2009-05
111349,"QIRYAT BIALIK """"HAAVA""","קריית ביאליק """"אהבה""",1975-10,1983-12
111350,"QIRYAT BIALIK """"HAAVA""","קריית ביאליק """"אהבה""",1939-09,1975-05
111400,HAIFA SHEMEN FACT.,"חיפה ביח""""ר שמן",1940-09,1960-01
111450,HAIFA AIRPORT,חיפה שדה התעופה,1939-09,1962-05
111501,HAIFA BAY,חיפה מפרץ,1940-09,1946-01
111510,HAIFA REFINERIES,חיפה בתי זיקוק,2003-09,2024-04
111530,QIRYAT ATTA GORDON SCH,קריית אתא גורדון בית ספר,1963-09,1965-05
111550,QIRYAT ATTA,קריית אתא,1947-09,1971-05
111551,QIRYAT ATTA,קריית אתא,1971-09,1974-05
111552,OIRYAT ATTA,קריית אתא,1974-09,1980-05
111580,QIRYAT ATTA,קריית אתא,1966-10,1994-05
111600,HAIFA REFINERIES (OLD),חיפה  בתי זיקוק ישנה,1947-09,1959-12
111650,KEFAR HAMAKKABBI,כפר המכבי,1942-09,2024-04
111699,USHA,אושה,1971-10,2024-04
111700,USHA,אושה,1940-09,1956-05
111749,RAMAT YOHANAN,רמת יוחנן,1973-09,1984-05
111750,RAMAT YOHANAN,רמת יוחנן,1932-09,1973-05
111751,RAMAT YOHANAN,רמת יוחנן,1984-08,2007-05
111800,KEFAR HASIDIM,כפר חסידים,1941-09,2024-04
111802,KEFAR HASIDIM,כפר חסידים כ הנוער,1980-05,1982-05
120020,KOKHAV HA KARMEL,כוכב הכרמל,1966-10,1968-05
120050,HAIFA ST. LUKES SCHOOL,"חיפה בי""""ס סנט-לוקס",1940-09,1948-01
120060,HAIFA SHIQMONA,חיפה שקמונה,1978-09,1986-05
120100,HAIFA GERMAN COLONY,חיפה מושבה גרמנית,1880-11,1939-06
120150,HAIFA D. O.,חיפה משרדי המחוז,1921-09,1948-05
120180,HAIFA PORT,חיפה נמל,2004-09,2011-05
120200,HAIFA PORT MAN,חיפה נמל מאוישת,1952-09,2001-05
120202,HAIFA PORT MAN,חיפה נמל מאוישת,2001-09,2024-04
120250,HAIFA HADAR TEKHNIYON,חיפה הדר הטכניון,1929-09,1971-10
120300,HAIFA MT. KARMEL KELER,חיפה הר הכרמל קלר,1896-09,1922-05
120301,HAIFA BIOL. INST.,חיפה מכון ביולוגי,1958-09,1987-11
120350,HAIFA MT. KARMEL,חיפה הר הכרמל (מגדל המים),1939-09,1958-05
120370,HAIFA ZRUBAVEL ST.,חיפה רח זרובבל,1976-09,1985-05
120400,HAIFA MT. KARMEL AHUZA,חיפה שכ' אחוזה,1932-12,1941-05
120420,HAIFA HATEKHNIYON,חיפה קריית הטכניון,1960-09,1968-05
120430,HAIFA NEWE SHAANAN,חיפה נוה שאנן,1986-09,2004-05
120450,HAIFA BET BIRAM,חיפה בית בירם,1956-09,1964-11
120500,KEFAR GALLIM,כפר גלים,1952-09,2008-05
120501,KEFAR GALLIM,כפר גלים,2012-09,2019-08
120530,HAIFA TECHNION,חיפה טכניון,2008-09,2024-04
120550,KARMEL GIVAT HAHAGANA,כרמל גבעת ההגנה,1955-09,1973-12
120551,KARMEL GIVAT HAHAGANA,כרמל גבעת ההגנה,1974-10,1978-12
120570,HAY BAR KARMEL,חי בר כרמל,2000-09,2024-04
120600,NESHER,נשר,1932-09,1973-10
120601,NESHER,נשר,1975-01,1980-03
120629,HAIFA UNIVERSITY,חיפה אוניברסיטה,2004-09,2024-04
120630,HAIFA UNIVERSITY MAN,חיפה אוניברסיטה מאוישת,1975-10,2024-04
120650,HURSHAT HA'ARBAIM - KHAREIBA,חורשת הארבעים - ח'ריבה,1941-10,1944-05
120700,HAHOTERIM,החותרים,1948-09,1959-05
120701,HAHOTERIM,החותרים,2021-08,2024-04
120750,YAGUR,יגור,1928-09,2024-04
120770,PARK HA KARMEL,פארק הכרמל,2000-09,2024-04
120790,DAMON,דמון,1985-04,1986-11
120800,BET OREN,בית אורן,1940-10,2024-04
120850,ISFIYA,עספיא,1946-02,1948-05
120860,NIR EZYON FIELDS,ניר עציון שדות,1954-09,2024-04
120870,NIR EZYON,ניר עציון,1950-09,2024-04
120900,ATLIT SALT CO,עתלית חב המלח,1928-09,2024-04
120920,ATLIT,עתלית,2005-11,2021-05
120950,ATLIT VILLAGE,עתלית מושבה,1935-09,1945-05
121000,DALIYAT AL-KARMEL,דאלית אל-כרמל,1942-09,1964-05
121030,DALIYAT AL-KARMEL,דאלית אל-כרמל,2007-09,2024-04
121050,EN KARMEL,עין כרמל,1947-10,1962-05
121051,EN KARMEL MAN,עין כרמל מאוישת,1962-10,2024-04
121055,EN KARMEL MAN 2,עין כרמל מאוישת 2,1993-09,2002-05
121056,EN KARMEL,עין כרמל,2002-09,2024-04
121100,NEWE YAM,נווה ים,1940-02,1964-05
121110,SHEMURAT NAHAL MEAROT,שמורת נחל מערות,2000-11,2024-04
121120,GEVA  KARMEL,גבע כרמל,1966-04,1979-05
121140,KEREM MAHARAL,"כרם מהר""""ל",1979-10,1988-05
121141,KEREM MAHARAL,"כרם מהר""""ל",1988-09,1991-05
121142,KEREM MAHARAL,"כרם מהר""""ל",1991-09,2024-04
121150,HABONIM,הבונים,1950-09,1978-05
121200,KEREM MAHARAL - IJZIM,"כרם מהר""""ל - איג'זים",1946-01,1948-05
121230,MEQURA FARM,מקורה חווה,1960-09,1979-12
121250,OFER,עופר,1958-09,1976-05
121251,OFER,עופר,1977-09,2012-10
121300,NAHSHOLIM,נחשולים,1943-01,1977-05
121350,RAMAT HASHOFET,רמת השופט,1942-09,2024-04
121360,NAHSHOLIM PLANTATIONS,נחשולים מטעים,1965-10,2024-04
121370,FUREIDIS,פוריידיס,1963-10,1965-05
121400,BAT SHELOMO,בת שלמה,1939-12,1985-05
121450,RAMOT MENASHE,רמות מנשה,1948-09,2012-05
121455,RAMOT MENASHE 2,רמות מנשה 2,1995-09,2024-04
121500,DALIYYA,דלייה,1940-09,2024-04
121540,EN HASHOFET MAN,עין השופט מאוישת,1997-01,2024-04
121541,EN HASHOFET,עין השופט,2002-09,2024-04
121550,EN HASHOFET KIBBUZ,עין השופט קיבוץ,1938-09,2024-04
121590,NAHAL DALIYYA,נחל דליה,1989-09,2016-03
121600,SHEFE'YA,שפיה,1930-09,1980-05
121601,SHEFE'YA,שפיה,1980-09,1997-05
121602,MEIR SHEFE'YA K.N,מאיר שפיה כפר הנוער,2000-09,2024-04
121610,MA'YAN ZEVI - NAZLE,מעיין צבי- פרדס נזלה,1939-09,1947-05
121630,MA'YAN ZEVI FIELDS,מעיין צבי שדות,1969-01,2016-06
121635,MA'YAN ZEVI POOLS,מעיין צבי בריכות,2016-08,2024-04
121650,MA'YAN ZEVI,מעיין צבי,1945-09,1968-12
121651,MA'YAN ZEVI,מעיין צבי,2018-08,2024-04
121700,ZIKHRON YAAQOV MAN,זכרון יעקב מאוישת,1905-01,2008-05
121702,ZIKHRON YA'AQOV,זכרון יעקב,2002-09,2024-04
121703,ZIKHRON YA'AQOV,זכרון יעקב,2006-09,2017-07
121704,ZIKHRON YA'AQOV,זכרון יעקב,2004-09,2006-05
121705,ZIKHRON YA'AQOV,זכרון יעקב,2001-09,2004-05
121710,ZIKHRON YAAQOV MAN,זכרון יעקב מאוישת,2008-09,2024-04
121750,MA'AGAN MIKHA'EL,מעגן מיכאל,1950-09,1974-05
121751,MA'AGAN MIKHA'EL,מעגן מיכאל,1974-09,1982-10
121800,AMMIQAM,עמיקם,1956-09,1999-05
121801,AMMIQAM,עמיקם,1999-09,2024-04
121850,GAL'ED (EVEN YIZHAQ),גלעד (אבן יצחק),1953-09,2004-10
121851,GAL'ED MAN,גלעד מאוישת,2004-11,2024-04
121852,GAL'ED,גלעד,2008-04,2024-04
121870,NAHAL TANINIM,נחל תנינים,2012-05,2024-04
121900,REGAVIM,רגבים,1949-09,2024-04
121950,GIV'AT ADA,גבעת עדה,1923-09,1955-05
121952,GIV'AT ADA,גבעת עדה,1998-01,2016-05
122000,UMM AL-FAHM,אום אל-פחם,1940-09,1959-05
122001,UMM AL-FAHM,אום אל-פחם,1959-09,1991-05
122002,UMM AL-FAHM,אום אל-פחם,1991-09,2024-04
122050,KEFAR GLIKSON - LAMAKOR,כפר גליקסון - למקור,1939-11,1945-05
122097,KEFAR GLIKSON,כפר גליקסון,1973-10,2024-04
122100,KEFAR GLIKSON,כפר גליקסון,1945-09,1973-05
122120,KAFAR QARA,כפר קרע,1993-09,1995-05
122150,ARA ARARA,ערה ערערה,1942-09,1967-05
122501,ME AMMI,מי עמי,1978-09,2003-05
122502,ME AMMI,מי עמי,2019-01,2024-04
130010,BINYAMINA,בנימינה,1958-09,1964-05
130011,BINYAMINA,בנימינה,1962-10,2024-04
130020,BINYAMINA WEST,בנימינה מערב,1965-01,2022-05
130050,QESARYYA,קיסריה,1921-09,1947-05
130070,QESARYYA GOLF CLUB,קיסריה מועדון הגולף,1960-09,1980-05
130071,QESARYYA,קיסריה,1962-09,1964-05
130098,SEDOT YAM,שדות ים,1982-10,2006-05
130099,SEDOT YAM,שדות ים,1977-10,1982-12
130100,SEDOT YAM,שדות ים,1950-09,1977-05
130200,MISHMAROT,משמרות,1940-09,1967-12
130220,EIN SAHLA,עין אל סהלה,1961-09,1971-11
130250,PARDES HANNA POST,פרדס חנה דאר,1929-09,1940-05
130350,PARDES HANNA SCHOOL,"פרדס חנה בי""""ס",1959-09,1964-05
130351,PARDES HANNA,פרדס חנה,1962-09,1973-05
130352,PARDES HANNA,פרדס חנה,2022-08,2024-04
130400,PARDES HANNA SOUTH,פרדס חנה דרום,1935-09,1939-10
130450,KARKUR,כרכור,1924-09,1934-05
130500,KEFAR PINES,כפר פינס,1959-09,1967-05
130501,KEFAR PINES,כפר פינס,1967-09,1999-05
130502,KEFAR PINES,כפר פינס,1999-09,2024-04
130550,BARQAY,ברקאי,1951-09,2024-04
130560,HARISH,חריש,1988-09,1993-05
130600,PARDES HANNA - MEGGED,פרדס חנה - מגד,1937-11,1944-05
130650,PARDES HANNA - TEL ALON,פרדס חנה - תל אלון,1930-09,1963-09
130700,PARDES HANNA - TEL SHALOM,פרדס חנה - תל שלום,1939-11,1960-05
130750,HEFZIBAH HADERA,חפציבה - חדרה,1950-09,1954-05
130800,DOMIRA FARM,חוות  דומירה,1957-09,1960-02
130850,GAN HASHOMERON,גן השומרון,1953-09,2024-04
130890,GAN HASHOMERON,גן השומרון,1967-09,1987-05
130900,EN SHEMER KIBBUZ,עין שמר קיבוץ,1934-09,1972-05
130901,EN SHEMER SCHOOL,"עין שמר בי""""ס",1960-09,1967-05
130950,MA'ANIT,מענית,1943-09,1947-12
130970,HADERA PORT,חדרה נמל,2006-03,2024-04
130980,HADERA POWER ST.,חדרה תחנת הכח,1992-09,2004-11
130981,HADERA POWER ST.,חדרה תחנת הכח,2004-12,2024-04
130990,HADERA,חדרה,1991-09,2013-05
131000,GAN SHEMU'EL,גן שמואל,1926-09,1991-02
131001,GAN SHEMU'EL,גן שמואל,1990-09,2016-07
131002,GAN SHEMU'EL,גן שמואל,2016-08,2021-07
131003,GAN SHEMU'EL,גן שמואל,2021-08,2024-04
131030,METZER STATION - MEKOROT,תחנת מצר - מקורות,1994-09,1999-05
131050,METZER,מצר,1954-09,2024-04
131100,HADERA SHNEURSON,חדרה שנארסון,1920-09,1965-05
131150,HADERA AGRIC. SCHOOL,"חדרה בי""""ס חקלאי",1940-09,1957-02
131170,HADERA AGRIC. SCHOOL,"חדרה בי""""ס חקלאי",1963-09,1988-05
131200,BAQA AL-GHARBIYA,בקה אל-גרביה,1942-09,1957-05
131201,BAQA AL-GHARBIYA,בקה אל-גרביה,1965-10,1971-12
131202,BAQA AL-GHARBIYA,בקה אל-גרביה,1971-10,1978-02
131250,MIKHMORET,מכמורת,1958-09,2002-03
131280,JATT,ג'ת,1972-10,1999-05
131282,JATT,ג'ת,1999-09,2024-04
131290,SEDE YIZHAQ,שדה יצחק,1960-09,1967-01
131300,GIVAT HAIYYIM IHUD SCHOOL,"גבעת חיים איחוד בי""""ס",1953-09,1961-05
131350,GIVAT HAIYYIM IHUD,גבעת חיים איחוד,1958-09,1961-05
131400,GIVAT HAYYIM IHUD FARM,גבעת חיים איחוד משק,1953-09,1971-01
131450,LAHAVOT HAVIVA,להבות חביבה,1950-09,1993-05
131451,LAHAVOT HAVIVA,להבות חביבה,1994-09,2024-04
131470,JATT,ג'ת,1961-09,1964-05
131500,KEFAR HAROE,כפר הראה,1952-03,1975-05
131501,KEFAR HAROE,כפר הרואה,1975-10,1978-05
131502,KEFAR HAROE,כפר הרואה,1978-09,2024-04
131550,GIVAT HAYYIM MEUHAD,גבעת חיים מאוחד,1937-09,1994-05
131551,GIVAT HAYYIM MEUHAD,גבעת חיים מאוחד,1996-09,2002-05
131598,EN HAHORESH,עין החורש,2004-09,2024-04
131599,EN HAHORESH MAN,עין החורש מאוישת,1975-09,2024-04
131600,EN HAHORESH,עין החורש,1937-09,1969-05
131601,EN HAHORESH,עין החורש,1969-09,1975-05
131640,NE'URIM,נעורים,1998-09,2010-05
131645,BEIT YANAI,בית ינאי,2017-04,2024-04
131650,KEFAR VITKIN,כפר ויתקין,1936-09,1964-01
131700,HAMA'PIL,המעפיל,1947-09,1981-01
131750,MAGGAL,מגל,1954-09,1974-05
131751,MAGGAL,מגל,1974-09,1994-05
131752,MAGGAL,מגל,1994-09,2024-04
131760,OMEZ,אומץ,1983-09,2006-05
131780,GAN SHEMU'EL ZEITA,גן שמואל - זיתא,1960-09,1962-05
131800,MA'BAROT,מעברות,1938-09,2006-05
131801,MA'BAROT,מעברות,2006-09,2024-04
131850,HAOGEN,העוגן,1953-09,1978-11
131900,QAQUN,קאקון,1945-09,1948-05
131950,BIR ES SIKKA,ביר א-סכה,1954-03,1958-05
132050,MISHMAR HASHARON,משמר השרון,1932-09,1968-11
132100,BET HALEWI,בית הלוי,1949-09,1963-02
132150,BAHAN,בחן,1955-09,1988-05
132151,BAHAN,בחן,1989-09,2000-05
132200,AVIHAYIL,אביחיל,1951-09,1964-05
132201,AVIHAYIL,אביחיל,1964-12,1969-05
132249,MIDRESHET RUPPIN,מדרשת רופין,1966-10,1971-05
132250,MIDRESHET RUPPIN,מדרשת רופין,1949-09,1998-11
132251,EMEQ HEFER SCHOOL,עמק חפר - בית ספר,1958-09,1972-05
132300,NETANYA,נתניה,1954-09,1969-05
132301,NETANYA,נתניה,1969-09,1978-05
132302,NETANYA,נתניה,1969-10,2011-04
132350,NATANYA MET STATION,נתניה תח מטאורולוגית,1933-09,1961-05
132400,NETANYA MUNCIPALITY,נתניה עיריה,1939-06,1942-03
132430,BE'EROTAYIM,בארותיים,2003-09,2024-04
132450,YAD HANNA MEUHAD,יד חנה מאוחד,1954-09,1968-05
132470,BET YIZHAQ,בית יצחק,1960-10,2001-05
132475,BET YIZHAQ,בית יצחק,2001-09,2024-04
132500,BURGATA,בורגתה,1956-09,1965-05
132550,YAD HANNA,יד חנה,1953-09,1965-05
132551,YAD HANNA,יד חנה,1965-09,2024-04
132600,NORDIYYA,נורדייה,1955-09,1988-01
132601,NORDIYYA,נורדייה,1992-09,1998-05
132650,KEFAR YONA,כפר יונה,1939-12,1970-05
132660,NETANYA DORA,נתניה דורה,1962-09,1968-05
132670,GE'ULIM,גאולים,1961-09,1962-05
132700,ILANOT,אילנות,1949-09,1985-10
132750,KADIMA - RASKO PLANTATIONS,קדימה - מטעי רסקו,1955-09,1969-05
132850,TEL ZUR,תל צור,1939-01,1974-05
132900,QADIMA,קדימה,1940-09,1945-05
132905,QADIMA,קדימה,1983-10,2024-04
132950,QALANSAWE,קלנסווה,1951-09,1963-05
133000,EVEN YEHUDA,אבן יהודה,1936-09,1967-11
133050,KEFAR YA'BEZ,כפר יעבץ,1948-09,1952-05
133100,TAYIBE,טייבה,1945-01,1963-05
133101,TAYIBE,טייבה,1963-09,1975-05
133103,TAYIBE SCHOOL,טייבה בית ספר ה',1970-10,1972-05
133150,BET YEHOSHUA,בית יהושע,1943-09,1949-05
133169,TEL MOND JAIL,תל מונד בית סהר,1973-10,1974-05
133170,TEL MOND JAIL,תל מונד בית סהר,1963-09,1971-12
133200,BENE DEROR,בני דרור,1948-09,2024-04
133250,EN WERED,עין ורד,1959-09,1983-05
133252,EN WERED,עין ורד,1979-09,1985-12
133260,WINGATE INSTITUE,מכון וינגייט,1996-09,2024-04
133299,YAQUM,יקום,1985-10,1998-05
133300,YAQUM,יקום,1959-09,1978-09
133301,YAQUM,יקום,1978-10,1985-05
133302,YAQUM,יקום,1998-09,2024-04
133350,NEWE HADASSA,נוה הדסה,1950-09,1953-05
133399,TEL YIZHAQ,תל יצחק,1973-10,2024-04
133400,TEL YIZHAQ,תל יצחק,1939-11,1973-05
133450,TEL MOND,תל מונד,1930-10,1949-05
133500,KEFAR HESS,כפר הס,1953-09,2024-04
133530,ZUR NATAN,צור נתן,1966-09,1989-05
133540,SAL'IT,סלעית,2005-09,2024-04
133550,HERUT,חירות,1936-09,1991-05
133551,HERUT,חירות,1991-09,2013-02
133570,TIRE,טירה,1962-09,1966-10
133600,TIRE,טירה,1952-09,1954-05
133649,GA'ASH,געש,1997-09,2024-04
133650,GA'ASH,געש,1950-09,1978-05
133651,GA'ASH,געש,1978-09,1997-05
133700,GA'ASH - GAN LITWINSKY,געש - גן ליטוינסקי,1937-09,1964-12
133740,SHEFAYIM - WEST,שפיים - מערב,1965-10,1996-10
133741,SHEFAYIM - WEST,שפיים - מערב,1996-09,2000-05
133742,SHEFAYIM - WEST,שפיים  מערב,2000-09,2024-04
133750,SHEFAYIM,שפיים,1948-09,1973-05
133751,SHEFAYIM,שפיים,1971-10,1980-05
133752,SHEFAYIM,שפיים,1980-10,1987-05
133753,SHEFAYIM,שפיים,1987-09,1988-10
133754,SHEFAYIM,שפיים,1996-09,2024-04
133770,BAZRA,בצרה,1987-09,1997-05
133775,TEL MOND YAKHIN,תל מונד יכין,1972-09,1996-11
133779,RAMAT HAKOVESH,רמת הכובש,1970-09,2004-10
133780,RAMAT HAKOVESH,רמת הכובש,1939-09,1970-05
133781,RAMAT HAKOVESH,רמת הכובש,2004-11,2017-07
133782,RAMAT HAKOVESH,רמת הכובש,2017-08,2024-04
133800,GAN HAYYIM GROVE,גן חיים פרדס,1932-09,2000-05
133850,EYAL,אייל,1951-09,2024-04
133870,SEDE WARBURG,שדה ורבורג,1965-10,1999-05
133871,SEDE WARBURG,שדה ורבורג,1999-09,2024-04
133900,RISHPON,רשפון,1939-09,1998-12
133950,KALMANIYYA,קלמניה,1929-09,1945-05
133970,BET BERL,בית ברל,1960-10,2012-05
133980,TZOFIM,צופים,2023-12,2024-04
134000,NIR ELIYYAHU,ניר אליהו,1951-09,1976-05
134001,NIR ELIYYAHU,ניר אליהו,1976-09,2024-04
134040,KEFAR SAVA - BEN ZVI SCH.,"כפר סבא -  בי""""ס בן צבי",1964-10,1968-11
134060,HERZLIYYA NOF YAM,הרצליה - נוף ים,1973-09,1993-05
134100,KEFAR SHEMARYAHU,כפר שמריהו,1945-09,2018-06
134101,KEFAR SHEMARYAHU,כפר שמריהו,2020-09,2024-04
134110,HERZLIYA BET,הרצליה ב',2018-08,2023-06
134130,RA'ANNANA EAST,רעננה מזרח,1965-10,2005-12
134150,RA'ANNANA WEST,רעננה מערב,1950-09,1985-05
134200,KEFAR SAVA MISRAHI SCHOOL,"כפר סבא -  בי""""ס מזרחי",1949-09,1954-05
134250,KEFAR SAVA SCHOOL,"כפר סבא -  בי""""ס ביאליק",1932-09,1952-05
134255,KEFAR SAVA,כפר סבא,1999-09,2001-10
134265,RA'ANNANA EAST,רעננה מזרח,2007-09,2018-06
134300,GELIL YAM,גליל ים,1948-09,1969-05
134350,HERZLIYYA WEIZMAN SCHOOL,"הרצלייה בי""""ס וייצמן",1952-09,1974-03
134351,HERZLIYYA SCHOOL,"הרצלייה בי""""ס",1928-09,1950-05
134400,RAMOT HASHAVIM,רמות השבים,1959-12,2007-12
134500,KEFAR MALAL,"כפר מל""""ל",1934-09,1963-05
134550,MAGDIEL,הוד השרון מגדיאל,1929-09,1958-05
134570,SEDE HEMED,שדי חמד,1963-10,1965-05
134575,HERZLIYYA RAZIEL SCH,"הרצלייה בי""""ס דוד רזיאל",1967-02,1973-05
134580,HOD HA SHARON,הוד השרון רמתיים,1948-09,1969-05
134600,HADAR,הוד השרון הדר,1932-09,1954-05
134650,JALJULYA,ג'לג'וליה,1952-09,1958-05
134651,JALJULYA,ג'לג'וליה,1970-10,1975-05
134700,RAMAT HASHARON,רמת השרון,1933-09,1984-05
134730,ADANIM,עדנים,1969-10,1970-05
134731,ADANIM,עדנים,1970-09,2024-04
134750,RAMAT HASHARON SCHOOL,"רמת השרון בי""""ס",1945-09,1960-01
134770,HAKEFAR HAYAROK,הכפר הירוק,1961-09,1976-01
134771,HAKEFAR HAYAROK MAN,הכפר הירוק ידני,2021-08,2022-05
134800,HORESHIM,חורשים,1955-09,1972-10
134801,HORESHIM,חורשים,1974-10,1975-05
134802,HORESHIM,חורשים,1975-10,1996-05
134803,HORESHIM,חורשים,1996-09,1999-05
134804,HORESHIM,חורשים,1999-09,2024-04
134830,SHA'ARE TIQWA,שערי תקווה,2008-10,2011-06
134840,HAKEFAR HAYAROK,הכפר הירוק,2002-09,2024-04
134850,TEL AVIV - QIRYAT SHAUL,תל אביב - קריית שאול,1944-09,2016-07
134870,TEL AVIV - ZAHALA,תל אביב - צהלה,1960-10,1968-05
134880,RAMAT HASHARON - NEWE MAGEN,רמת השרון - נוה מגן,1962-09,1968-05
134900,KAFAR QASEM,כפר קאסם,1945-01,1963-09
134940,TEL AVIV SEDE DOV,תל אביב -שדה דב,1970-09,1994-05
134945,TEL AVIV SEDE DOV,תל אביב -שדה דב,1994-09,2004-12
134950,TEL AVIV READING,תל אביב רדינג,1939-09,1972-05
135000,ROSH HAAYIN PUMP. STATION,ראש העין תחנת שאיבה,1938-12,1952-05
135010,YARQON GAN LEUMI,ירקון גן לאומי,2000-12,2024-04
135050,TEL AVIV PORT,תל אביב נמל,1951-09,1966-05
135100,PETAH TIQWA - KEFAR AVRAHAM,פתח תקווה- כפר אברהם,1939-12,1950-05
135150,GIV'AT HASHELOSHA,גבעת השלושה,1933-09,1956-04
135160,ROSH HAAYIN MEKOROT,ראש העין - מקורות,1989-10,2024-04
135200,BENE BERAQ,בני ברק,1943-09,1944-05
135250,PETAH TIQWA OLD PICA SCH.,פתח תקווה בית ספר פיקא (ישן),1921-09,1955-05
135251,PETAH TIQWA PICA SCH.,"פתח תקווה  בי""""ס פיקא",1955-09,1976-05
135252,PETAH TIQWA HESS SCH.,"פתח תקוה בי""""ס הס",1962-09,1973-10
135260,PETAH TIQWA PICA STREET,פתח תקוה רחוב פיקא,1956-12,1967-03
135270,TEL AVIV MUNICIPALITY,תל אביב עיריה,1994-09,2002-10
135300,TEL AVIV NORTH,תל אביב צפון,1933-09,1951-05
135350,RAMAT GAN YAHALOM SCH.,"רמת גן בי""""ס יהלום",1937-10,1948-05
135400,RAMAT GAN ORA SCHOOL,"רמת גן בי""""ס אורה",1957-12,1959-05
135450,PETAH TIQWA NEWE OZ,פתח תקוה נוה עוז,1955-12,1962-05
135451,PETAH TIQWA NEWE OZ,פתח תקוה נוה עוז,1962-09,1974-10
135452,PETAH TIQWA NEWE OZ,פתח תקוה נוה עוז,1965-10,2010-05
135496,ENAT,עינת,1999-09,2024-04
135497,ENAT,עינת,1997-09,1999-05
135498,ENAT,עינת,1988-09,1997-05
135499,ENAT,עינת,1975-09,1988-05
135500,ENAT,עינת,1952-09,1972-05
135550,TEL AVIV OLD MUNICIPALITY,תל אביב בית העיריה הישן,1944-09,1945-05
135600,TEL AVIV  HAQIRYA (SARONA),תל אביב- הקריה (שרונה),1879-10,1960-05
135650,RAMAT GAN,רמת גן,1956-01,1964-05
135700,KEFAR SIRKIN,כפר סירקין,1951-09,1955-01
135750,TEL AVIV HERZLIYYA GYM.,תל אביב גימנסיה הרצליה,1943-09,1951-05
135800,TEL AVIV NAHMANI ST.,תל אביב רח נחמני,1911-09,1950-02
135850,TEL AVIV YAD ELIYAHU,תל אביב  יד אליהו,1956-09,1958-05
135900,GIV'ATAYIM,גבעתיים,1954-02,1965-05
135949,NEHALIM,נחלים,1995-09,2024-04
135950,NEHALIM,נחלים,1953-09,1995-05
136000,NAHSHONIM FIELDS,נחשונים - שדות,1950-09,1955-05
136050,NAHSHONIM,נחשונים,1950-09,1994-05
136051,NAHSHONIM,נחשונים,1994-09,2024-04
136070,MA'AS,מעש,1996-09,2003-05
136072,MA'AS,מעש,2003-09,2024-04
136100,QIRYAT ONO,קריית אונו,1952-09,2005-05
136200,QIRYAT ONO SCHOOL,"קריית אונו בי""""ס",1952-09,1953-05
136250,RAMAT GAN - TEL LITWINSKY,רמת גן - תל ליטוינסקי,1942-01,1952-05
136300,SAVYON,סביון,1958-09,1979-12
136320,TEL AVIV COAST,תל-אביב חוף,2005-03,2024-04
136329,YAFO PORT,יפו נמל,1978-09,2001-05
136330,YAFO PORT,יפו נמל,1966-09,1978-05
136350,YAFO MUNICIPALITY,יפו עיריה,1926-09,1953-01
136400,YAFO ST. LOUIS HOSPITAL,"יפו בי""""ח סנט לואי",1907-09,1914-05
136450,YAFO,יפו,1902-09,1913-05
136500,HAWAT SHALEM,חוות שלם,1949-09,2014-05
136501,PARK ARIEL SHARON,פארק אריאל שרון,2014-08,2015-03
136550,MAZOR,מזור,1951-09,1963-05
136580,BE'EROT YIZHAQ,בארות יצחק,1952-10,2024-04
136600,BAT YAM,בת ים,1940-09,2006-05
136650,MIQWE YISRAEL,מקוה ישראל,1907-09,2024-04
136670,NEWE MONOSON,נוה מונוסון,1964-01,1966-02
136700,YEHUD,יהוד,1940-09,1949-05
136720,BENE ATAROT (WILHELMA),בני עטרות - וילהלמה,1904-09,1950-05
136725,BENE ATAROT,בני עטרות,1949-09,1952-05
136730,HOLON,חולון,1960-09,1977-05
136735,LOD AIRPORT,"לוד-נתב""""ג",1972-10,1992-05
136739,BET DAGAN MAN,בית דגן מאוישת,1974-09,2024-04
136740,BET DAGAN,בית דגן,1962-09,1974-05
136741,BET DAGAN,בית דגן,2004-01,2024-04
136750,BET DAGAN AGR ST,בית דגן תחנה לחקלאות,1956-09,1973-05
136800,GAN MOSHE,גן משה,1936-09,1949-05
136848,LOD AIRPORT,לוד נמל תעופה,1971-09,2004-10
136850,LOD AIRPORT,לוד נמל תעופה,1938-01,1954-02
136851,LOD AIRPORT,לוד נמל תעופה,1963-01,1971-05
136900,LOD EVAPORATION,לוד התאדות,1951-09,1962-12
136949,TOHELET MEHADRIN,תוחלת מהדרין,1975-09,1996-05
136950,TOHELET MEHADRIN,תוחלת מהדרין,1956-09,1975-05
136970,BET NEHEMYA NURSERY,בית נחמיה משתלה,1976-10,1980-05
137000,KEFAR TRUMAN - BENEI HAREL,כפר טרומן - בני הראל,1950-09,1956-05
137015,RISHON LEZIYYON,ראשון לציון,1994-09,2024-04
137020,NAHALAT YEHUDA,נחלת יהודה,1964-03,2024-04
137021,NAHALAT YEHUDA,נחלת יהודה כפר הנוער,2009-09,2013-05
137040,SHAFDAN,שפדן,1998-08,1999-07
137041,SHAFDAN,שפדן,1999-09,2019-05
137050,RISHON LEZIYYON NEWE POALIM,ראשון לציון נווה פועלים,1954-09,1968-05
137100,RISHON LEZIYYON WINERY,ראשון לציון יקב,1925-09,1981-01
137150,ZERIFIN,צריפין,1935-09,2020-05
137200,GINNATON,גינתון,1952-09,1957-05
137250,BEN SHEMEN,בן שמן,1925-09,1967-05
137251,BEN SHEMEN,בן שמן,1979-09,2024-04
137260,NIR ZEVI,ניר צבי,1998-02,2015-07
137261,NIR ZEVI,ניר צבי,2019-08,2024-04
137299,NETA'IM,נטעים,1999-09,2024-04
137300,NETA'IM,נטעים,1959-09,1990-05
137301,NETA'IM,נטעים,1990-09,1998-05
137350,PALMAHIM,פלמחים,1949-09,2024-04
137351,GAN SOREQ,גן שורק,1961-09,1967-11
137400,BET HANAN,בית חנן,1941-09,1942-05
137430,RAMLA,רמלה,1967-10,2013-12
137450,NES ZIYYONA - LOEWENSTEIN ORCH.,נס ציונה - פרדס לבנשטיין,1929-09,1948-05
137500,NES ZIYYONA,נס ציונה,1926-09,1967-12
137501,NES ZIYYONA,נס ציונה,1958-09,1961-05
137502,NES ZIYYONA,נס ציונה,1999-09,2022-05
137549,NEZER SERENI,נצר סרני,1977-09,2024-04
137550,NEZER SERENI,נצר סרני,1948-09,1977-05
137551,NEZER SERENI - BIR SALIM,נצר סרני  - ביר סלים,1929-09,1948-05
137600,RAMLA POLICE,רמלה משטרה,1942-09,1948-05
137650,RAMLA SCHOOL,"רמלה בי""""ס",1943-09,1953-05
137700,AYANOT,עיינות,1941-09,1949-05
137748,BET OVED,בית עובד,1969-10,1981-05
137750,BET OVED,בית עובד,1939-12,1949-12
137751,BET OVED,בית עובד,1950-01,1968-05
137800,RAMLA AERODROME,רמלה שדה תעופה,1921-09,1959-05
137850,RAMLA NESHER FACTORY,רמלה ביחר נשר,1954-09,1999-05
137900,YAVNE TRANSMITTERS & SATELLITE,יבנה שידור ולווינים,1954-09,2020-12
137950,REHOVOT AGR INSTITUTE,רחובות המכון לחקלאות,1932-09,1969-05
138000,YAD RAMBAM,"יד רמב""""ם",1958-09,1959-05
138050,REHOVOT - QUBEIBA,רחובות - קביבה,1945-09,1948-05
138100,REHOVOT COLONY,רחובות מושבה,1925-09,1949-05
138120,REHOVOT,רחובות,2014-08,2024-04
138150,REHOVOT -ZARNOGA,רחובות - זרנוקא,1950-09,1951-05
138200,NA'AN,נען,1933-09,1970-05
138250,GAN SHELOMO,גן שלמה,1939-09,2024-04
138270,HAVAZZELET,חבצלת,1960-10,2003-05
138272,HAVAZZELET,חבצלת,2003-09,2024-04
138280,KEFAR BILU,"כפר ביל""""ו",1960-10,2024-04
138300,NAAN FIELDS,נען שדות,1952-09,1960-05
138350,YAVNE TOWN,יבנה עיירה,1940-09,1948-05
138370,RAMOT ME'IR,רמות מאיר,2003-09,2017-09
138400,GIV'AT BRENNER,גבעת ברנר,1935-10,1984-05
138401,GIV'AT BRENNER,גבעת ברנר,1984-09,2024-04
138450,NAAN RAILWAY STATION,נען תחנת הרכבת,1941-09,1948-05
138500,BEN ZAKKAY,בן זכאי,1952-09,1962-05
138510,BET GAMLIEL,בית גמליאל,1998-09,2024-04
138540,MAZKERET BATYA,מזכרת בתיה,1969-09,1986-05
138550,MAZKERET BATYA,מזכרת בתיה,1922-09,1956-05
138600,GEDERA - MERAR HILL,גדרה - גבעת מרר,1956-09,1960-05
138650,KEFAR AVIV,כפר אביב,1955-01,1967-12
138670,KEFAR MORDEKHAY,כפר מרדכי,1960-09,1990-05
138698,MAZKERET BATYA SOUTH,מזכרת בתיה דרום,1970-08,2005-05
138700,MAZKERET BATYA SOUTH,מזכרת בתיה דרום,1943-09,1970-05
138760,ASERET GEDEROT SCHOOL,"עשרת בי""""ס גדרות",1954-09,1978-12
138780,MISGAV DOV,משגב דב,2003-09,2024-04
138800,GEDERA,גדרה,1929-09,1970-12
138850,QIDRON,קדרון,1953-09,1976-01
138851,QIDRON,קדרון,1977-10,2008-05
138870,KANNOT AGR. SCH.,"כנות בי""""ס חקלאי",1961-09,1972-05
138900,YAD BINYAMIN - NETIVA,יד בנימין - נתיבה,1950-09,1953-05
138920,GAN YAVNE,גן יבנה,1961-09,1968-10
138946,HAFEZ HAYYIM,חפץ חיים,2004-04,2024-04
138947,HAFEZ HAYYIM MAN,חפץ חיים מאוישת,1991-09,2024-04
138948,HAFEZ HAYYIM,חפץ חיים,1979-09,1991-05
138949,HAFEZ HAYYIM,חפץ חיים,1971-01,1979-05
138950,HAFEZ HAYYIM,חפץ חיים,1946-09,1980-05
139000,BET HILQIYYA,בית חלקיה,1960-09,2024-04
140010,ASHDOD POWER ST,אשדוד תחנת כח,1959-01,1977-10
140020,ASHDOD COAST STUDY,אשדוד סקר חופים,1957-09,1972-05
140025,ASHDOD PORT,אשדוד נמל,2004-09,2024-04
140040,ASHDOD PORT,אשדוד נמל,1969-10,2001-11
140050,NIR GALLIM,ניר גלים,1950-09,2024-04
140100,BENE DAROM,בני דרום,1950-09,1985-05
140101,BENE DAROM,בני דרום,1985-09,2024-04
140150,ASHDOD FARM,אשדוד חווה,1979-11,2024-04
140198,QEVUZAT YAVNE,קבוצת יבנה,2004-09,2024-04
140199,QEVUZAT YAVNE,קבוצת יבנה,1980-09,1995-05
140200,QEVUZAT YAVNE,קבוצת יבנה,1941-09,1980-05
140201,QEVUZAT YAVNE MAN,קבוצת יבנה מאוישת,1995-09,2024-04
140220,BENE AYISH -NETA,"בני עי""""ש -נטע",1959-09,1964-05
140249,HAZOR ASHDOD,חצור אשדוד,1975-09,2024-04
140250,HAZOR ASHDOD,חצור אשדוד,1948-09,1975-05
140251,HAZOR ASHDOD SCHOOL,"חצור אשדוד בי""""ס",1960-09,1989-05
140300,REVADIM,רבדים,1949-09,2024-04
140400,BERURIM,ברורים,1951-09,1996-05
140450,ASHDID - ISDUD,אשדוד - איסדוד,1940-09,1948-05
140470,TALME YEHI'EL,תלמי יחיאל,1963-09,1965-05
140500,RE'EM JUNCTION -  MASMIA,צומת ראם - מסמיה,1937-09,1947-05
140550,RE'EM JUNCTION -  MASHMIA SHALOM,צומת ראם - משמיע שלום,1956-09,1958-05
140600,EMUNIM,אמונים,1951-09,1953-05
140620,KEFAR HA RIF,כפר הריף,1961-09,1969-10
140650,HARUVIT,חרובית,1957-09,1960-05
140670,TIROSH,תירוש,1960-09,1962-05
140700,NIZZANIM CHILD. VILLAGE,ניצנים כפר הנוער,1953-09,1990-05
140702,SHIKMIM FIELD SCHOOL,"שקמים בי""""ס שדה",1990-09,1998-05
140720,YINNON,ינון,1970-10,1984-12
140800,BE'ER TOVIYYA,באר טוביה,1933-09,2005-10
140801,BE'ER TOVIYYA,באר טוביה,2005-11,2024-04
140818,OROT,אורות,2016-11,2024-04
140819,OROT,אורות,1980-09,2016-10
140820,OROT,אורות,1956-03,1980-05
140850,KEFAR MENAHEM,כפר מנחם,1940-09,1977-05
140851,KEFAR MENAHEM,כפר מנחם,1977-09,2005-11
140852,KEFAR MENAHEM,כפר מנחם,2005-12,2024-04
140855,NIZZAN,ניצן,2008-12,2024-04
140900,NIZZANIM KIBBUZ,ניצנים קבוץ,1944-09,2024-04
140950,KEFAR WARBURG,כפר ורבורג,1948-09,2024-04
141000,ESHKOLOT FARM,אשכולות חווה,1954-09,1989-05
141050,AVIGEDOR,אביגדור,1952-09,1990-05
141100,TIMMORIM,תימורים,1954-09,1988-05
141101,TIMMORIM,תימורים,1988-09,1994-05
141102,TIMMORIM,תימורים,1994-09,2024-04
141150,MASSU'OT YIZHAQ,משואות יצחק,1949-09,2024-04
141200,TEL TSAFIT - TEL ESSAFFI,תל צפית - תל א-צפי,1947-09,1948-05
141250,QEDMA,קדמה,1946-09,1964-05
141255,QEDMA,קדמה,1994-09,2024-04
141300,ASHQELON - HAMAMA VILLAGE,אשקלון - כפר חממה,1955-09,1979-12
141350,EN ZURIM,עין צורים,1950-09,2024-04
141397,SHAFIR,שפיר,2006-09,2007-12
141398,SHAFIR,שפיר,1988-09,2004-05
141399,SHAFIR,שפיר,1975-09,1988-05
141400,SHAFIR,שפיר,1951-09,1975-05
141450,SHAFIR SCHOOL,"שפיר בי""""ס",1955-09,1963-01
141520,ASHQELON DAGON HOTEL,אשקלון מלון דגון,1961-09,1986-12
141549,KEFAR SILVER - MAJDAL AGR.,כפר סילבר - מג'דל חקלאית,1932-09,1947-05
141550,KEFAR SILVER,כפר סילבר,1959-09,2012-02
141590,ASHQELON PARK,אשקלון פארק,1965-10,1983-05
141600,ASHQELON - ALJURA,אשקלון - אלג'ורה,1940-09,1948-05
141620,ASHQELON STADIUM,אשקלון איצטדיון,1999-11,2017-07
141625,ASHQELON,אשקלון,2017-08,2024-04
141650,ASHQELON - MAJDAL,אשקלון - מג'דל,1926-09,1948-05
141651,MIGDAL ASHQELON,מגדל אשקלון,1949-09,1953-05
141700,ASHQELON P W D,אשקלון מ ע צ,1956-09,1987-05
141746,NEGBA MAN,נגבה מאוישת,2005-03,2024-04
141747,NEGBA,נגבה,2002-09,2024-04
141748,NEGBA MAN,נגבה מאוישת,1977-09,2003-05
141749,NEGBA,נגבה,1965-09,1977-05
141750,NEGBA,נגבה,1939-09,1965-05
141800,QOMEMIYYUT,קוממיות,1950-09,1973-05
141850,NIR BANIM,ניר בנים,1954-09,1976-05
141851,NIR BANIM,ניר בנים,1976-10,1989-05
141852,NIR BANIM,ניר בנים,1989-09,1999-05
141853,NIR BANIM,ניר בנים,1999-09,2022-07
141854,NIR BANIM,ניר בנים,2022-08,2024-04
141900,SEGULLA,סגולה,1955-09,1991-04
141920,YAD NATAN,יד נתן,1964-01,1969-10
141940,ASHQELON E.A.P.C.,"אשקלון קצא""""א",1992-09,2024-04
141942,ASHQELON PORT,אשקלון נמל,2006-01,2024-04
141950,SEDE YO'AV,שדה יואב,1956-09,1968-05
142000,YOAV FORTRESS - IRAQ SUWEIDAN,מצודת יואב - עירק סוידן,1940-09,1948-05
142051,REWAHA,רווחה,1970-09,1985-12
142070,BAT HADAR - HADARIYA,בת הדר - הדריה,1961-09,1970-12
142160,OZEM - NAHAL YOAV BRIDGE,עוצם - גשר נחל יואב,1967-11,1969-05
142200,KOKHAV MIKHA'EL,כוכב מיכאל,1953-09,1958-05
142202,KOKHAV MIKHA'EL,כוכב מיכאל,1970-10,1977-12
142203,KOKHAV MIKHA'EL,כוכב מיכאל,1978-10,1980-05
142249,PELUGOT,פלוגות,1980-09,1985-05
142250,PELUGOT,פלוגות,1957-09,1980-05
142300,GAT,גת,1941-09,1957-05
142302,GAT MAN,גת מאוישת,1983-10,2024-04
142303,GAT,גת,2007-09,2024-04
142348,MAVQI'IM,מבקיעים,2005-01,2024-04
142349,MAVQI'IM,מבקיעים,2001-09,2004-12
142350,MAVQI'IM,מבקיעים,1949-09,2001-05
142400,NOGAH,נוגה,1957-09,1964-12
142420,TALME YAFE,תלמי יפה,1961-09,1971-05
142421,TALME YAFE,תלמי יפה,1965-10,2024-04
142450,SHAHAR,שחר,1956-09,1959-05
142500,PLUGOT JUNC. - EL FALUJA,פלוגות צומת - פלוג'ה,1937-09,1948-05
142550,MIVHOR,מבחור,1957-09,2006-05
142600,ZIQIM,זיקים,1949-09,2024-04
142650,NIR HEN,"ניר ח""""ן",1958-09,1965-05
142700,QIRYAT GAT,קריית גת,1959-09,1977-10
142749,SEDE MOSHE,שדה משה,1975-09,1979-05
142750,SEDE MOSHE,שדה משה,1957-09,1975-05
142780,QIRYAT GAT AGR. FARM,קרית גת חווה חקלאית,1976-10,1990-05
142800,KARMIYYA,כרמייה,1951-09,1975-05
142801,KARMIYYA,כרמייה,1975-09,1990-05
142802,KARMIYYA,כרמייה,2003-01,2024-04
142898,GEVAR'AM,גברעם,1987-10,2024-04
142899,GEVAR'AM,גברעם,1979-10,1987-05
142900,GEVAR'AM,גברעם,1943-09,1979-05
142920,ZOHAR LAKE,זוהר אגם,1959-09,1986-05
142950,UZA,עוזה,1950-09,1968-01
143000,YAD MORDEKHAY,יד מרדכי,1944-09,2024-04
143019,HELEZ,חלץ,1989-09,2000-05
143020,HELEZ,חלץ,1959-11,1988-05
143050,EVEN SHEMU'EL,אבן שמואל,1958-01,1975-05
143052,EVEN SHEMU'EL,אבן שמואל,1975-10,1980-05
143150,EREZ,ארז,1949-09,1980-05
143160,EREZ,ארז,2011-09,2024-04
143200,BEROR HAYIL,ברור חיל,1949-09,2024-04
143220,OR HANER,אור הנר,1957-09,2000-05
143221,OR HANER FIELDS,אור הנר שדות,2000-09,2024-04
143250,SHALWA,שלווה,1956-09,1967-01
143350,IBBIM,איבים,1955-09,1966-05
143450,NIR AM,ניר עם,1943-09,1971-01
143451,NIR AM,ניר עם,1971-10,1976-05
143452,NIR AM,ניר עם,1976-09,2006-05
143453,NIR AM,ניר עם,2006-09,2024-04
143480,SIMHA CENTER MEKOROT,אתר שמחה - מקורות,1967-11,1969-05
143500,GAZA FOREST NURSERY,עזה ייעור,1942-09,1948-05
143550,GAZA RAILWAY STATION,עזה תחנת הרכבת,1944-09,1948-05
143570,SHAAR HA NEGEV,שער הנגב,1963-02,1968-05
143600,GAZA (OTTOMAN PERIOD),עזה עותמאנית,1869-09,1905-05
143650,GAZA TOWN,עזה עיר,1919-09,1940-05
143700,MEFALLESIM,מפלסים,1949-09,1972-05
143702,MEFALLESIM,מפלסים,1972-10,2024-04
143750,GEVIM,גבים,1949-09,2024-04
143800,KEFAR AZZA,כפר עזה,1951-09,1974-11
143850,KARNI - GAZA AERODROME,קרני - שדה תעופה עזה,1927-09,1938-05
143950,NAHAL OZ,נחל עוז,1951-09,1974-05
143951,NAHAL OZ,נחל עוז,1974-09,2001-05
143952,NAHAL OZ,נחל עוז,2001-09,2024-04
144000,SA'AD,סעד,1949-09,1976-05
144001,SA'AD,סעד,1976-09,2024-04
144025,YAKHINI,יכיני,1960-09,1965-04
144030,YAKHINI,יכיני,2000-10,2024-04
144050,BE'EROT YITSHAQ (OLD),בארות יצחק הישנה,1943-09,1950-05
144069,ALUMIM,עלומים,2000-02,2024-04
144070,ALUMIM,עלומים,1966-10,1971-12
144100,TEQUMA,תקומה,1949-09,2005-01
144101,TEQUMA,תקומה,2005-09,2024-04
144120,TUSHIYYA,תושייה,1960-09,1972-05
144150,YIZREAM,יזרעם,1956-09,1979-12
144160,KEFAR MAYMON,כפר מימון,1965-10,1974-11
144180,BET HAGADDI,בית הגדי,1964-12,1972-02
144200,DEIR ELBALAH - RAILWAY STATION,דיר אלבלח - תחנת הרכבת,1940-09,1948-05
144248,BE'ERI,בארי,2023-08,2024-04
144249,BE'ERI,בארי,1970-09,2023-07
144250,BE'ERI,בארי,1946-09,1970-05
144300,BET HAGADDI,בית הגדי,1949-09,1952-05
144350,NAZRA HILL - NUSEIRAT,גבעת נצרה - נוסיראת,1946-09,1948-05
144400,KEFAR DAROM - HANAGIRA,כפר דרום - הנג'ירה,1946-09,1948-01
144500,RE'IM,רעים,1949-09,1978-05
144505,RE'IM,רעים,1997-09,2000-05
144550,BEIT REIM FIELDS,בית רעים שדות,1957-09,1960-02
144570,NEZER HAZANI,נצר חזני,1978-10,1983-02
144600,KISSUFIM,כיסופים,1951-09,1974-05
144602,KISSUFIM,כיסופים,1974-10,1981-05
144603,KISSUFIM,כיסופים,1997-09,2001-05
144604,KISSUFIM,כיסופים,2001-09,2024-04
144635,NEWE DEQALIM,נוה דקלים,1986-10,1992-05
144636,NEWE DEQALIM,נוה דקלים,2001-11,2005-05
144637,NURIYA,נוריה,1986-09,1988-05
144650,KHAN YUNIS,חן יונס,1933-09,1948-05
144700,NIRIM,נירים,1946-09,1972-05
144701,NIRIM,נירים,1972-09,1975-05
144702,NIRIM,נירים,1975-09,2024-04
144710,NIRIM-KHIRBAT MAYIN,נירים - ח'רבת מעין,1946-09,1948-05
144750,NIR OZ,ניר עוז,1955-09,2024-04
144800,MAGEN,מגן,1950-09,2024-04
144805,MAGEN SCHOOL,מגן בית חינוך,1970-10,1971-05
144850,RAFAH SCHOOL,"רפיח בי""""ס",1940-09,1948-05
144865,RAFAH TERMINAL,רפיח מסוף הגבול,1986-01,1993-05
144872,BESOR FARM MAN,בשור חווה מאוישת,1975-09,2024-04
144873,BESOR FARM,בשור חווה,2002-09,2024-04
144900,NIR YIZHAQ,ניר יצחק,1951-09,1975-05
144902,NIR YIZHAQ,ניר יצחק,1976-02,2024-04
144950,KEREM SHALOM,כרם שלום,1960-09,1967-05
144960,TALME YOSEF,תלמי יוסף,1993-09,2024-04
210010,METULLA POLICE POST,מטולה משטרה,1925-09,1947-05
210050,METULA,מטולה,1922-09,1953-05
210060,METULA,מטולה,1982-09,2001-05
210061,METULA,מטולה,2001-09,2012-05
210062,METULA,מטולה,2012-08,2024-04
210100,MISGAV AM,משגב עם,1946-09,1956-05
210102,MISGAV AM,משגב עם,1967-09,1977-05
210103,MISGAV AM,משגב עם,1977-10,1984-05
210148,KEFAR GIL'ADI,כפר גלעדי,1975-09,1999-05
210149,KEFAR GIL'ADI,כפר גלעדי,1974-10,1975-07
210150,KEFAR GIL'ADI,כפר גלעדי,1921-09,1974-05
210151,KEFAR GIL'ADI MAN,כפר גלעדי מאוישת,1999-09,2024-04
210160,KEFAR GIL'ADI,כפר גלעדי,2007-10,2024-04
210200,TEL HAI,תל חי,1921-09,1923-05
210250,MARGALIYYOT - HUNIN,מרגליות - הונין,1940-09,1948-05
210251,MARGALIYYOT,מרגליות,1954-09,1961-05
210300,MANARA - RAMIM,מנרה - רמים,1943-09,1974-05
210301,MANARA - RAMIM,מנרה - רמים,1974-10,1976-12
210350,MANARA 2,מנרה 2,1947-09,1949-05
210398,YIFTAH,יפתח,1995-09,2024-04
210399,YIFTAH,יפתח,1979-09,1995-05
210400,YIFTAH,יפתח,1949-09,1979-05
210430,NEBI YUSHA,מצודת כח - נבי יושע,1951-09,1954-05
210450,MALKIYYA,מלכייה,1949-09,1980-05
210451,MALKIYYA,מלכייה,1980-09,1984-05
210452,MALKIYYA,מלכייה,1984-10,2013-07
210453,MALKIYYA,מלכייה,2013-08,2024-04
210500,HANITA,חניתה,1938-09,1969-05
210501,HANITA,חניתה,1969-09,1977-05
210502,HANITA,חניתה,1982-09,2024-04
210530,SHOMERA,שומרה,1967-02,1970-05
210549,ADAMIT,אדמית,1984-10,2000-05
210550,ADAMIT,אדמית,1959-09,1984-05
210600,DISHON,דישון,1955-09,1975-05
210601,DISHON,דישון,1975-10,1986-05
210650,YIR'ON,יראון,1950-09,2024-04
210679,BAR'AM - MATITYAHU FARM,ברעם - חוות מתתיהו,1990-09,1997-05
210680,BAR'AM - MATITYAHU FARM,ברעם - חוות מתתיהו,1980-09,1990-05
210700,MAZZUVA,מצובה,1940-09,2024-04
210748,ELON MAN,אילון מאוישת,1974-09,2024-04
210750,ELON,אילון,1939-09,1973-05
210752,ELON,אילון,1973-09,1974-05
210753,ELON,אילון,2004-09,2024-04
210800,BAR'AM,ברעם,1950-09,1976-05
210801,BAR'AM,ברעם,1976-10,1983-01
210803,BAR'AM PLANTATIONS,ברעם - מטעים,1996-09,2024-04
210900,FASSUTA,פסוטה,1959-09,1979-05
210901,FASSUTA,פסוטה,1979-10,2001-05
210902,FASSUTA,פסוטה,2001-09,2021-05
210903,FASSUTA,פסוטה,2021-12,2024-04
210950,REIHANIYYE,ריחאנייה,1940-09,1988-05
210970,ALMA,עלמה,1962-09,1966-05
211000,ELQOSH -DEIR EL QASI,אלקוש - דיר אלקאסי,1945-09,1948-05
211010,MATTAT,מתת,1981-03,2024-04
211020,EN ZIV,עין זיו,1960-09,1994-05
211030,ABBIRIM,אבירים,1985-01,2003-05
211032,ABBIRIM,אבירים,2003-09,2014-07
211050,SASA,סאסא,1945-09,1967-05
211051,SASA,סאסא,1967-09,1974-05
211100,KABRI,כברי,1949-09,2024-04
211150,MI'ELYA SCHOOL,"מעיליא בי""""ס",1934-09,2003-05
211152,MI'ELYA,מעיליא,2003-09,2024-04
211200,ME'ONA,מעונה,1942-09,1976-05
211250,HURFEISH,חורפיש,1949-09,1983-05
211251,HURFEISH,חורפיש,1993-03,2024-04
211253,HURFEISH CENTER,חורפיש מרכז,2019-09,2024-04
211298,GA'TON,געתון,1982-09,2013-05
211299,GA'TON,געתון,1973-09,1982-05
211300,GA'TON,געתון,1954-09,1973-05
211320,HAR MERON FIELD SCHOOL,"הר מירון בי""""ס שדה",1968-09,2000-05
211325,HAR MERON FIELD SCHOOL,"הר מירון בי""""ס שדה",2004-09,2007-05
211330,KEFAR VRADIM,כפר ורדים,2023-01,2024-04
211350,YEHI'AM,יחיעם,1948-09,2024-04
211400,PEQIIN SCHOOL,"פקיעין בי""""ס",1949-09,1973-05
211401,PEQIIN,פקיעין,2003-09,2024-04
211415,KAFR MAKHUL,כפר מחול,1969-10,2011-03
211450,YANUH,יאנוח,1949-09,1973-05
211465,TEFEN,תפן תעשיות,1999-09,2024-04
211470,KEFAR SUMEI,כפר סומיע,1963-01,1976-05
211471,KEFAR SUMEI,כפר סומיע,1978-12,2009-07
211472,KEFAR SUMEI,כפר סומיע,2009-08,2024-04
211500,PEQIIN,פקיעין,1945-09,1976-05
211600,MERON,מירון,1950-09,2013-01
211605,MERON NORTH,מירון צפון,2008-09,2024-04
211700,BIRIYYA,בירייה,1948-09,1956-05
211750,BIRIYYA FOREST,בירייה ייעור,1957-09,1979-08
211780,NAHAL AMMUD,נחל עמוד,1991-09,2000-05
211782,NAHAL AMMUD UPPER,נחל עמוד עליון,2000-09,2024-04
211850,ZEFAT SCOTS COLLEGE,צפת הקולג' הסקוטי,1926-01,1937-05
211890,ZEFAT HAR KENAAN,צפת הר כנען,2004-10,2024-04
211900,ZEFAT HAR KENAAN MAN,צפת הר כנען מאוישת,1939-09,2024-04
211920,KISRA,כסרא,1961-09,1970-05
211940,BEIT JANN SCHOOL,"בית ג'ן בי""""ס",1999-10,2013-07
211941,BEIT JANN,בית ג'ן,2013-08,2024-04
211950,BEIT JANN,בית ג'ן,1945-09,1976-03
211960,BEIT JANN,בית ג'ן,2003-09,2013-05
212000,ZEFAT GOV. SCHOOL,"צפת בי""""ס ממשלתי",1940-09,1947-05
212050,ROSH PINNA ZEFAT ROAD,ראש פינה כביש צפת,1943-09,1947-05
212100,ROSH PINNA SCHOOL,"ראש פינה בי""""ס",1907-09,1947-05
212120,ROSH PINNA,ראש פינה,1966-09,1973-05
212121,ROSH PINNA,ראש פינה,1973-10,1996-05
212150,KAFAR YASIF,כפר יאסיף,1945-09,2008-05
212168,HARASHIM MAN,חרשים מאוישת,2008-09,2024-04
212169,HARASHIM,חרשים,1989-09,2008-05
212170,HARASHIM,חרשים,1983-10,1989-05
212171,HARASHIM,חרשים,2008-09,2024-04
212200,YIRKA,ירכא,1949-09,1991-05
212220,RAMAT TEFEN - KISHOR SET.,רמת תפן - היאחזות כישור,1976-10,1977-11
212230,HEMDAT YAMIM -TIRAT YAEL,חמדת ימים - טירת יעל,1954-09,1968-01
212350,AMIRIM,אמירים,1950-11,1973-05
212351,AMIRIM,אמירים,1973-09,2011-03
212352,AMIRIM,אמירים,2012-09,2024-04
212400,NAHEF,נחף,1945-09,1990-05
212450,RAME,ראמה,1940-09,1987-05
212499,HANANYA FARM,חוות חנניה,1973-09,1992-05
212500,HANANYA FARM,חוות חנניה,1933-09,1973-05
212550,SHEFER,שפר,1958-09,1968-11
212600,PAROD,פרוד,1950-09,1977-05
212601,PAROD,פרוד,1977-09,2024-04
212650,AMMI'AD,עמיעד,1947-09,1977-05
212651,AMMI'AD KIBBUTZ,עמיעד קיבוץ,1977-10,2024-04
212670,AMMI'AD,עמיעד,2004-04,2024-04
212690,DEIR ELASAD,דייר אל-אסד,1980-10,1993-05
212695,TUVAL,תובל,1984-01,1986-05
212696,TUVAL,תובל,2015-02,2024-04
212700,MAJD ELKURUM,מג'ד אלכרום,1945-09,1976-05
212701,MAJD ELKURUM,מג'ד אלכרום,1976-10,1995-05
212720,KARMI'EL,כרמיאל,1963-10,1969-05
212721,KARMI'EL,כרמיאל,1976-10,1979-05
212800,MORAN,מורן,1978-04,1981-05
212802,MORAN,מורן,1992-09,1995-05
212820,QADDARIM,קדרים,1983-10,1985-12
212830,KORAZIM,כורזים,1985-09,1991-10
212840,MIKHMANNIM,מכמנים,1993-09,2024-04
212845,ESHHAR,אשחר,2005-11,2014-08
212846,ESHHAR,אשחר,2014-09,2024-04
212850,MAGHAR,מע'אר,1946-09,1967-05
212870,HUQOQ 2,חוקוק 2,1966-09,1969-10
212900,YAVOR,יבור,1954-09,1975-05
212901,YAVOR,יבור,1975-10,2012-12
212950,HUQOQ,חוקוק,1945-09,2024-04
212975,YA'AD,יעד,1981-11,1995-05
212980,YUVALLIM,יובלים,1993-09,2024-04
212990,KABUL - DAMUN,כאבול - דמון,1945-09,1948-05
213000,SAKHNIN,סח'נין,1945-09,1984-05
213005,SAKHNIN MET. STATION,סח'נין תחנה מטאו',1975-09,1980-05
213010,LESHEM,לשם,1986-09,2012-05
213049,DEIR HANNA,דייר חנא,1979-09,2001-05
213050,DEIR HANNA,דייר חנא,1955-09,1978-05
213052,DEIR HANNA MAN,דייר חנא מאוישת,1994-09,2024-04
213053,DEIR HANNA,דייר חנא,2004-09,2018-04
213054,DEIR HANNA,דייר חנא,2020-03,2024-04
213070,ZALMON,צלמון,1966-10,1997-05
213071,ZALMON,צלמון,2004-09,2012-02
213095,TAMRA,טמרה,1975-11,1993-05
213100,TAMRA,טמרה,1950-09,1974-05
213101,TAMRA,טמרה,1974-10,1999-05
213119,HARARIT,הררית,1997-09,2024-04
213120,HARARIT,הררית,1982-10,1997-05
213130,YAHAD,יחד,2003-09,2024-04
213150,ARRABE,עראבה,1940-09,1956-05
213160,SHEKHANYA,שכניה,1997-09,2024-04
213165,QORANIT,קורנית,1983-06,1984-11
213170,YODEFAT,יודפת,1960-09,1974-05
213171,YODEFAT,יודפת,1974-09,1976-05
213172,YODEFAT,יודפת,1976-09,1994-11
213173,YODEFAT,יודפת,1997-02,2024-04
213180,MIZPE AVIV,"מצפה אבי""""ב",2001-09,2004-05
213200,EILABUN,עיילבון,1955-09,2000-05
213201,EILABUN,עיילבון,2001-09,2024-04
213210,MASSAD,מסד,1988-09,1993-05
213211,MASSAD,מסד,1997-03,1998-05
213212,MASSAD,מסד,2006-01,2024-04
213220,KAOKAB,כאוכב,1979-12,1988-05
213221,KAOKAB,כאוכב,1990-09,2024-04
213240,MORESHET,מורשת,2001-11,2024-04
213250,KAFAR MANDA,כפר מנדא,1945-09,1948-05
213350,ARBEL,ארבל,1951-09,1963-03
213400,SHEFAR'AM,שפרעם,1940-09,1974-05
213401,SHEFAR'AM,שפרעם,1974-09,2000-05
213450,KEFAR HITTIM,כפר חיטים,1945-09,1966-05
213451,KEFAR HITTIM,כפר חיטים,1967-09,2024-04
213500,BET NETOFA EXPER. POND,בית נטופה ברכת נסיון,1955-09,1965-05
213550,TEL HATENIM,תל התנים,1949-09,1951-05
213598,LAVI,לביא,1973-09,2024-04
213599,LAVI,לביא,1970-09,1973-05
213600,LAVI,לביא,1949-09,1970-05
213650,MIZPA,מצפה,1920-09,1978-05
213651,MIZPA,מצפה,1978-10,1999-05
213652,MIZPA,מצפה,2004-12,2024-04
213679,BET RIMMON,בית רימון,1997-09,1999-05
213680,BET RIMMON,בית רימון,1980-10,1987-11
213681,BET RIMMON,בית רימון,1989-09,2024-04
213700,TUR'AN,טורעאן,1949-09,1961-05
213702,TUR'AN,טורעאן,1980-09,1999-05
213750,LUBIYA,לוביה,1945-09,1948-05
213770,HARDUF,הרדוף,1983-10,1984-05
213775,HARDUF,הרדוף,2000-03,2024-04
213780,BET NETOFA,בית נטופה,1967-01,1996-05
213800,BET NETOFA DAM,בית נטופה סכר,1952-09,1962-05
213850,ILANIYYA,אילנייה,1933-09,1965-05
213851,ILANIYYA,אילנייה,1963-11,1968-10
213880,MENURIM,מנורים,1955-09,1988-05
213881,MENURIM,מנורים,1998-09,2024-04
213894,HOSHA'AYA,הושעיה,2011-09,2012-02
213895,HOSHA'AYA,הושעיה,2000-09,2002-05
213900,HASOLELIM,הסוללים,1950-09,1985-05
213901,HASOLELIM,הסוללים,1985-10,2013-11
213902,HASOLELIM,הסוללים,2022-08,2024-04
213905,ALLON HAGALIL,אלון הגליל,2002-09,2024-04
213950,ZIPPORI -SAFFURIYA,ציפורי - סאפוריה,1945-09,1948-05
214000,TSIPORI WADI,ציפורי - ואדי,1951-10,1953-05
214050,KAFAR KANNA,כפר כנא,1951-09,1971-05
214052,KAFAR KANNA,כפר כנא,1981-10,2018-06
214100,SEDE ILAN,שדה אילן,1951-09,1964-05
214101,SEDE ILAN,שדה אילן,1970-09,2024-04
214140,LAVI ORCHARD,לביא פרדס,1966-09,1978-05
214150,LAVI YAVNEEL FIELDS,לביא שדות ביבנאל,1956-09,1966-05
214200,HAZORE'IM,הזורעים,1942-09,1973-05
214201,HAZORE'IM,הזורעים,1973-10,1997-05
214202,HAZORE'IM,הזורעים,1997-09,2024-04
214250,BET LEHEM HAGELILIT,בית לחם הגלילית,1957-09,1978-05
214251,BET LEHEM HAGELILIT,בית לחם הגלילית,1978-10,2019-05
214252,BET LEHEM HAGELILIT,בית לחם הגלילית,2019-08,2024-04
214300,ZIPPORI SCHOOL,ציפורי בית ספר,1958-09,1975-05
214301,ZIPPORI SCHOOL,ציפורי בית ספר,1975-10,1984-05
214400,RAMAT HADASSA,רמת הדסה,1949-09,1963-12
214450,ALLONE ABBA - WALDHEIM,אלוני אבא - ולדהיים,1914-01,1937-05
214451,ALLONE ABBA - NEWE YAAR,אלוני אבא - נווה יער,1948-09,1954-05
214500,PORIYYA,פורייה,1940-09,1949-05
214550,SHA'AR HAAMAQIM,שער העמקים,1936-09,1976-05
214551,SHAAR HAAMAQIM,שער העמקים,2022-08,2024-04
214580,QIRYAT TIV'ON,קריית טבעון,2003-09,2024-04
214600,ALLONIM,אלונים,1939-10,1970-05
214649,EIN MAHEL,עין מאהל,1973-10,1974-05
214650,EIN MAHEL,עין מאהל,1954-09,1973-05
214700,BET QESHET,בית קשת,1946-09,2016-07
214701,BET QESHET,בית קשת,2016-08,2024-04
214750,KAFAR KAMA,כפר כמא,1946-09,1994-02
214790,SARONA - MOSHAV,שרונה מושב,1939-09,1946-05
214800,SARONA - MOSHAV,שרונה מושב,1946-09,2000-05
214810,SARONA - MOSHAV,שרונה מושב,2000-09,2024-04
214850,ILUT,עילוט,1940-09,1948-05
214900,NAZARETH FOR NURS,נצרת משתלות היעור,1921-09,1978-05
214910,NAZARETH,נצרת,2023-08,2024-04
214950,YAVNIEL - BET GAN,יבניאל - בית גן,1946-09,2016-09
215000,QIRYAT AMAL,קריית עמל,1943-09,1953-05
215050,TIMRAT - TIMORIM,תמרת - תימורים,1950-09,1954-05
215051,TIMRAT,תמרת,2004-09,2024-04
215100,KEFAR HAHORESH,כפר החורש,1936-09,1999-05
215150,NAZARETH ORPHANAGE,נצרת בית היתומים,1934-09,1948-05
215200,NAZARETH SCOT HOSPITAL,נצרת ביח סקוטי,1869-05,1907-05
215250,NAZARETH WAGNER MILL,נצרת מטחנת וגנר,1908-09,1939-05
215300,NAZARET SCHOOL (BOYS),"נצרת בי""""ס לבנים",1946-09,1958-05
215350,NAZERAT ILLIT,נצרת עילית,1959-09,1968-01
215351,NAZERAT ILLIT,נצרת עילית,1968-02,1988-05
215400,TAVOR KADOORIE,תבור כדורי,1935-09,1981-05
215401,TAVOR KADOORIE,תבור כדורי,1967-10,1969-05
215402,TAVOR KADOORIE MAN,תבור כדורי מאוישת,1981-09,2009-12
215403,TAVOR KADOORIE,תבור כדורי,2002-09,2024-04
215450,YAVNE'EL,יבנאל,1912-09,1984-01
215451,YAVNE'EL NAFTALI SCHOOL,"יבנאל בי""""ס נפתלי",1961-09,1982-05
215452,YAVNE'EL MAN,יבנאל מאוישת,1983-09,2024-04
215454,YAVNE'EL,יבנאל,2002-09,2024-04
215500,ALUMMOT,אלומות,1947-09,1968-05
215530,TAVOR AGR SCHOOL,"תבור בי""""ס חקלאי",1969-10,1992-05
215550,DABURIYYA,דבורייה,1953-09,1976-05
215600,SHADMOT DEVORA,שדמות דבורה,1939-09,1968-05
215601,SHADMOT DEVORA,שדמות דבורה,1969-10,1973-05
215650,YAFIA,יפיע,1952-09,1982-05
215660,NAZARETH - BIR ELAMIR,נצרת - ביר אלאמיר,1972-09,1975-01
215700,IKSAL,אכסאל,1954-09,1974-05
215701,IKSAL,אכסאל,1979-10,2021-05
215702,IKSAL,אכסאל,2023-09,2024-04
215740,SHIBLI,שבלי,1963-09,1987-05
215750,KEFAR TAVOR,כפר תבור,1933-09,1999-05
215850,MIGDAL HAEMEQ,מגדל העמק,1958-09,1966-01
215950,KEFAR KISCH,כפר קיש,1950-09,1978-05
215951,KEFAR KISCH,כפר קיש,1978-09,1985-05
215952,KEFAR KISCH,כפר קיש,1991-09,1995-05
215953,KEFAR KISCH,כפר קיש,1995-09,2018-06
215970,EN DOR,עין דור,1973-09,1996-05
215971,EN DOR,עין דור,1996-09,2006-09
216000,SIRIN,סירין,1957-09,1973-12
216020,TEL RECHESH ASCENT,תל רכש מעלה,1971-03,1973-05
216050,DAVERAT,דברת,1947-09,2024-04
216060,RAMAT SIRIN,רמת סירין,1981-10,1989-05
216070,TEL HAGAL ASCENT,תל חגל מעלה,1971-04,1973-05
216080,RAMAT SIRIN,רמת סירין,1966-10,1983-05
216100,GAZIT,גזית,1949-09,1977-05
216101,GAZIT,גזית,1977-10,2024-04
216140,RAMAT ZEVI,רמת צבי,1964-10,1966-04
216150,KAFRA - RAMAT KOKHAV,כפרא - רמת כוכב,1946-09,1948-05
216250,SHOSHANA FARM,אחוזת שושנה,1960-09,2014-10
216255,KOHAV HAYARDEN,כוכב הירדן,2014-09,2024-04
220010,GIVAT ZEID,גבעת זייד,1944-09,1980-12
220015,QIRYAT HAROSHET,קריית חרושת,1995-09,2013-12
220040,RAMAT YISHAY,רמת ישי,1965-10,1970-05
220048,NEWE YAAR,נווה יער,2005-09,2024-04
220049,NEWE YAAR MAN,נווה יער מאוישת,1992-09,2024-04
220050,NEWE YAAR,נווה יער,1954-09,1992-05
220100,SEDE YA'AQOV,שדה יעקב,1941-01,1976-05
220101,SEDE YA'AQOV,שדה יעקב,1976-10,2008-05
220102,SEDE YA'AQOV,שדה יעקב,2009-09,2024-04
220130,BET SHE'ARIM,בית שערים,1943-09,1952-05
220150,NAHALAL AGR SCHOOL,"נהלל בי""""ס חקלאי",1936-09,1953-05
220200,NAHALAL ELEMENTARY SCH.,"נהלל בי""""ס יסודי",1921-09,1941-05
220250,KEFAR HA HORESH FIELDS,כפר החורש שדות,1956-09,1965-12
220300,KEFAR YEHOSHUA,כפר יהושע,1927-09,2024-04
220301,KEFAR YEHOSHUA 2,כפר יהושע 2,1974-10,1983-05
220302,KEFAR YEHOSHUA 2,כפר יהושע 2,1983-09,2006-10
220350,RAMAT DAWID,רמת דוד,1936-09,2024-04
220400,GEVAT,גבת,1936-09,1948-05
220450,GEVAT - JABATA,גבת - ג'בתא,1926-09,1935-05
220500,KEFAR YEHOSHUA FIELDS,כפר יהושע שדות,1944-09,2005-05
220530,MIZRA PLANTATION,מזרע מטעים,1969-03,2024-04
220550,GINNEGAR,גיניגר,1926-09,2024-04
220600,SARID,שריד,1928-09,1977-05
220601,SARID,שריד,1977-10,2024-04
220650,TEL ADASHIM,תל עדשים,1926-09,1976-05
220651,TEL ADASHIM,תל עדשים,1977-09,2002-05
220652,TEL ADASHIM,תל עדשים,2003-09,2024-04
220750,YOQNE'AM,יקנעם,1959-09,1999-05
220800,KEFAR BARUKH,כפר ברוך,1936-09,1941-05
220850,MIZRA,מזרע,1928-09,2024-04
220900,HAZOREA,הזורע,1936-09,1988-05
220901,HAZOREA,הזורע,1988-09,2024-04
220950,KEFAR BARUKH DAM,כפר ברוך סכר,1954-09,2016-05
220980,KEFAR GID'ON,כפר גדעון,1979-01,1997-05
220981,KEFAR GID'ON,כפר גדעון,1997-09,2024-04
221000,NAHLAOT,נחלאות,1955-09,1976-05
221050,BALFURYA,בלפוריה,1922-09,1938-05
221100,AFULA ILLIT - KEFAR YELADIM,עפולה עלית - כפר ילדים,1920-09,1965-05
221110,AFULA UPPER TOWN,עפולה עלית,1976-03,1980-05
221150,AFULA HOSPITAL,"עפולה בי""""ח",1939-09,1952-05
221200,MISHMAR HAEMEQ,משמר העמק,1928-09,1960-05
221201,MISHMAR HAEMEQ,משמר העמק,1960-09,1998-05
221202,MISHMAR HAEMEQ,משמר העמק,1998-09,2024-04
221250,HAYOGEV,היוגב,1952-09,1958-05
221251,HAYOGEV SCHOOL,"היוגב בי""""ס",1959-09,1969-05
221252,HAYOGEV,היוגב,1970-10,2024-04
221300,AFULA POLICE,עפולה משטרה,1933-09,1938-05
221350,AFULA SOUTH WEST,עפולה דרום מערב,1938-09,1978-05
221400,AFULA MIZRAHI SCHOOL,"עפולה בי""""ס מזרחי",1939-09,1951-05
221450,MERHAVYA MAN,מרחביה מאוישת,1920-09,2017-06
221455,MERHAVYA,מרחביה,2008-05,2017-06
221500,SULAM,סולם,1955-09,1990-05
221520,MERHAVYA SETTLEMENT,מרחביה מושב,1967-09,2005-10
221521,MERHAVYA SETTLEMENT,מרחביה מושב,2005-11,2024-04
221550,MEGIDO AERODROME,מנחת מגידו,1959-09,1963-02
221600,AFULA FARM,עפולה חוות למוד,1942-09,1976-05
221601,AFULA FARM,עפולה חוות למוד,1977-09,1994-05
221602,AFULA NIR HAEMEQ MAN,עפולה ניר העמק מאוישת,1994-09,1997-05
221604,AFULA NIR HAEMEQ,עפולה ניר העמק,2003-09,2024-04
221632,RAMAT ZEVI,רמת צבי,1974-09,1981-01
221633,RAMAT ZEVI,רמת צבי,1995-09,2024-04
221650,MOLEDET,מולדת,1938-01,2024-04
221700,MEGIDDO,מגידו,1931-09,1975-05
221701,MEGIDDO,מגידו,1975-10,2009-05
221705,MEGIDDO GAN LEUMI,מגידו גן לאומי,2000-11,2024-04
221750,GIV'AT OZ,גבעת עוז,1949-09,2010-05
221751,GIV'AT OZ,גבעת עוז,2010-09,2024-04
221769,NIR YAFE SCHOOL,"ניר יפה בי""""ס",1973-09,1978-05
221770,NIR YAFE SCHOOL,"ניר יפה בי""""ס",1970-11,1972-12
221800,YIZRE'EL,יזרעאל,1950-09,1989-05
221801,YIZRE'EL,יזרעאל,1989-09,2016-07
221802,YIZREEL,יזרעאל,2022-08,2024-04
221850,YA'EL HABAD SCHOOL,"יעל בי""""ס חבד",1970-09,1974-05
221851,YA'EL HABAD SCHOOL,"יעל בי""""ס חבד",1974-09,1975-10
221890,DEVORA BARAQ SCHOOL,"דבורה ברק בי""""ס",1970-10,1981-02
221900,DEVORA,דבורה,1957-09,1961-05
222000,MUQEIBILA,מקיבלה,1936-09,1964-09
222010,MUQEIBILA SCHOOL,"מוקיבלה בי""""ס",1970-09,1992-05
230050,KEFAR YEHEZQEL,כפר יחזקאל,1939-09,2024-04
230051,KEFAR YEHEZQEL 2,כפר יחזקאל 2,1962-09,2011-05
230100,KEFAR YEHEZQEL UNI.,כפר יחזקאל אוניברסיטה,1922-09,1947-05
230150,GEVA,גבע,1930-09,1980-05
230200,GEVA  2,גבע 2,1948-09,1997-05
230250,EN HAROD IHUD,עין חרוד איחוד,1951-03,1976-05
230251,EN HAROD IHUD,עין חרוד איחוד,1977-09,1983-05
230252,EN HAROD IHUD,עין חרוד איחוד,1983-09,1994-05
230253,EN HAROD IHUD,עין חרוד איחוד,1994-09,2024-04
230300,EN HAROD MEUHAD,עין חרוד מאוחד,1930-09,2024-04
230330,KEFAR YEHEZQEL FIELD SERVICE,כפר יחזקאל שרות שדה,1963-09,1994-05
230350,EIN HAROD SPRINGS,עין חרוד מעיינות,1922-09,1938-11
230400,TEL YOSEF,תל יוסף,1924-09,1992-05
230402,TEL YOSEF MAN,תל יוסף מאוישת,1994-09,2011-05
230403,TEL YOSEF MAN,תל יוסף מאוישת,2011-09,2022-07
230404,TEL YOSEF MAN,תל יוסף מאוישת,2022-08,2024-04
230450,BET HASHITTA,בית השיטה,1936-09,1977-05
230452,BET HASHITTA,בית השיטה,1977-09,1994-05
230453,BET HASHITTA,בית השיטה,1994-09,2024-04
230455,TEL YOSEF,תל יוסף,2005-09,2006-09
230456,TEL YOSEF,תל יוסף,2007-11,2014-12
230457,TEL YOSEF,תל יוסף,2015-07,2024-04
230460,GILBOA LOCAL COUNCIL,גלבוע מועצה אזורית,1994-09,2002-05
230500,NURIT,נורית,1959-09,1967-05
230520,RAM-ON,רם-און,2004-09,2011-05
230521,RAM-ON,רם-און,2012-02,2024-04
230530,SANDALA,סנדלה,1964-01,1993-05
230550,SEDE NAHUM,שדה נחום,1937-09,2004-05
230600,HAMADYA,חמדיה,1943-09,2005-05
230601,HAMADYA,חמדיה,2005-09,2024-04
230650,HEFZI-BAH GILBOA,חפצי-בה גלבוע,1928-09,1985-12
230702,BET ALFA,בית אלפא,1993-09,2001-05
230703,BET ALFA,בית אלפא,2001-09,2024-04
230750,NIR DAWID,ניר דוד,1938-09,2024-04
230800,MESILLOT,מסילות,1939-09,1999-05
230850,BET SHE'AN,בית שאן,1926-09,1965-05
230900,RESHAFIM,רשפים,1950-09,1968-10
230950,SHELUHOT,שלוחות,1948-09,2024-04
231000,EDEN FARM -FARWANA,חוות עדן - פרואנה,1946-01,1948-05
231001,EDEN FARM,חוות עדן,2002-09,2024-04
240010,YAMOUN,יאמון,1946-09,1948-05
240050,FAQQUA,פקועה,1947-09,1998-05
240080,MA'ALE GILBOA,מעלה גלבוע,1962-12,1971-05
240082,MA'ALE GILBOA MAN,מעלה גלבוע מאוישת,1974-09,2024-04
240090,MA'ALE GILBOA,מעלה גלבוע,2007-02,2024-04
240100,BEIT QAD,בית קד,1943-09,1948-05
240150,JENIN,גנין,1917-09,1948-05
240200,YABAD,יעבד,1940-09,1948-05
240210,MALKISHUA,מלכישוע,1982-09,2000-05
240212,MERAV,מירב,1987-09,2024-04
240250,ARRABA,ערבה,1944-09,1948-05
240300,QABATIYA SCHOOL,"קבטיה בי""""ס",1945-09,1947-05
240350,RABA,רבא,1943-09,1948-05
240400,ATTIL,עתיל,1945-09,1946-05
240450,KAFR RAI,כפר רעי,1945-09,1947-05
240500,MEITHALUN SCHOOL,"מיתלון בי""""ס",1945-09,1948-05
240550,BALA,בלעא,1945-01,1948-05
240600,TUBAS,טובס,1942-09,1948-05
240650,TULKARM,טול כרם,1922-09,1948-05
240700,ANABTA,ענבתא,1941-09,1948-05
240750,BURQA,בורקה,1940-09,1948-05
240850,SABASTIYA,סבסטיה,1940-09,1948-05
240900,TAMMUN,טמון,1945-01,1948-05
240950,TALLUZA,טלוזה,1945-09,1948-05
241000,BEIT LID,בית ליד,1945-09,1948-05
241005,SHAVE SHOMERON,שבי שומרון,2006-12,2024-04
241040,BEQAOT,בקעות,1973-10,1976-05
241050,NABLUS POLICE,שכם משטרה,1922-09,1947-05
241100,NABLUS URBAN POLICE,שכם משטרה עירונית,1944-09,1947-05
241110,ELON MORE,אלון מורה,2003-09,2016-07
241111,ELON MORE,אלון מורה,2022-01,2024-04
241135,QEDUMIM,קדומים,2003-09,2024-04
241145,BERAKHA,ברכה,1999-09,2024-04
241148,MINHELET GAV HAHAR,מנהלת גב ההר,2007-09,2010-05
241150,BET DAJAN,בית דג'ן,1945-09,1948-05
241180,ITAMAR MAN,איתמר מאוישת,2000-09,2009-05
241181,ITAMAR MAN,איתמר מאוישת,2019-01,2024-04
241200,JINSAFUT,גינספוט,1945-09,1948-05
241220,QARNE SHOMERON,קרני שומרון,2004-09,2024-04
241250,AZZUN,עזון,1945-09,1948-05
241260,ITAMAR,איתמר,2004-09,2024-04
241265,ITAMAR HILL 777,איתמר גבעה 777,2006-10,2012-12
241275,MEKHORA,מכורה,1974-09,1976-05
241276,MEKHORA,מכורה,1983-12,1988-05
241296,GITTIT,גיתית,1991-09,2024-04
241300,DEIR ISTIYA,דיר איסתיא,1942-09,1948-05
241360,KEFAR TAPPUAH,כפר תפוח,2005-03,2017-07
241361,KEFAR TAPPUAH,כפר תפוח,2018-12,2024-04
241380,ELQANA - PE'ERIM,אלקנה - פארים,1977-10,1985-05
241381,ELQANA,אלקנה,1985-10,2024-04
241400,BIDDYA,בידיא,1945-01,1948-05
241410,ARIEL,אריאל,1979-03,1990-05
241412,ARIEL,אריאל,1989-09,1999-05
241414,ARIEL COLLEGE,אריאל מכללה,2002-09,2024-04
241430,MIGDALIM,מגדלים,2019-08,2024-04
241450,SALFIT,סלפית,1945-01,1948-05
241460,ELI - PILGEI MAIM,עלי - פלגי מים,1999-01,2008-05
241470,QARYUT,קריות,1945-09,1948-05
241480,MA'ALE EFRAYIM,מעלה אפרים,1981-01,1998-05
241485,ELI,עלי,1998-12,2001-05
241486,ELI,עלי,2008-09,2009-05
241487,ELI,עלי,2009-09,2024-04
241492,SHILO,שילה,2003-03,2024-04
241497,QIDA,קידה,2007-11,2015-07
241500,DEIR GHASSANA,דיר עסנה,1942-09,1948-05
241520,BET ARYE,בית אריה,1983-10,1987-05
241521,BET ARYE,בית אריה,2011-02,2024-04
241600,RANTIES,רנתיס,1945-01,1948-05
241640,NEWE ZUF,נווה צוף,2019-08,2024-04
241650,MAZRAAT ESH SHARQIYA,מזרעת א שרקיה,1943-09,1948-05
241700,BEIT NABALA,בית נבאלה,1945-01,1948-05
241750,BIR ZEIT,ביר זית,1926-09,1948-05
241800,BUDRUS,בודרוס,1940-09,1948-05
241850,DEIR JARIR,דיר גריר,1940-09,1948-05
241860,KOKHAV HASHAHAR,כוכב השחר,1983-12,2009-05
241861,KOKHAV HASHAHAR,כוכב השחר,2009-09,2024-04
241870,AMONA,עמונה,2003-09,2012-01
241900,MAZRAA EL QIBLIYA,מזרעה אל קיבליה,1945-09,1947-05
241930,OFRA,עפרה,1976-09,1979-12
241932,OFRA,עפרה,1987-01,1993-05
241933,OFRA,עפרה,2005-09,2024-04
241950,NILIN,נעילין,1945-01,1947-05
241960,HAR HARASHA,הר חרשה,2004-09,2024-04
241970,MEVO MODI'IM,מבוא מודיעים,1966-03,1969-11
241975,NEOT QEDDUMIM,נאות קדומים,1991-09,2024-04
241985,BET EL,בית אל,2003-09,2024-04
242000,KEFAR DANIYYEL,כפר דניאל,1950-09,1993-05
242002,KEFAR DANIYYEL,כפר דניאל,2002-03,2008-05
242010,TALMON,טלמון,1991-09,2024-04
242050,RAMALLAH P B S,רמאללה שידור,1939-09,1948-05
242150,SAFA,צפא,1940-09,1948-05
242200,RAMALLAH TOWN,ראמאללה עיר,1934-09,1938-05
242250,INNABA,עינבה,1945-01,1948-05
242300,ELBIRA,אלבירה,1941-09,1948-05
242320,PESAGOT,פסגות,2003-09,2024-04
242340,RE'UT,רעות,2007-09,2024-04
242350,KEFAR SHEMU'EL,כפר שמואל,1951-09,1959-05
242400,BEITUNIYA,ביתוניא,1945-09,1948-05
242414,MAALE MIKHMASH,מעלה מכמש,2022-01,2024-04
242450,GEZER,גזר,1945-09,1970-05
242500,MISHMAR AYYALON,משמר איילון,1950-09,1962-05
242550,SHA'ALVIM,שעלבים,1951-09,2024-04
242600,MISHMAR AYALON DAM,משמר אילון סכר,1954-09,1956-05
242690,JERUSALEM AIRPORT,ירושלים נמל תעופה,1967-09,2000-09
242700,ATAROT,עטרות,1933-11,1947-05
242769,MEVO HORON,מבוא חורון,1974-09,1987-05
242770,MEVO HORON (OLD),מבוא חורון הישנה,1969-10,1974-05
242772,MEVO HORON,מבוא חורון,1996-09,2024-04
242800,HULDA YAKHIN,חולדה יכין,1942-09,1944-05
242850,LATRUN PUMPING ST.,לטרון תח' שאיבה,1938-09,1948-05
242851,PARK CANADA,פארק קנדה,1976-10,1989-05
242852,PARK CANADA,פארק קנדה,1989-09,1992-05
242880,EN PRAT - ENTERANCE,עין פרת - כניסה,2005-01,2014-11
242900,NEWE YAAQOV,נוה יעקב,1939-09,1948-05
242925,NATAF,נטף,2010-09,2024-04
242950,LATRUN MONASTRY,לטרון מנזר,1900-09,2012-05
242951,LATRUN,לטרון מנזר,2012-05,2024-04
243000,EIN FARA,עין פארה,1927-09,1948-05
243021,KEFAR ADUMIM,כפר אדומים,2021-08,2023-07
243022,KEFAR ADUMIM,כפר אדומים,2023-08,2024-04
243050,HULDA AGR. FARM,חולדה חווה חקלאית,1919-09,1929-05
243100,NAHSHON,נחשון,1950-09,1997-05
243101,NAHSHON MAN,נחשון מאוישת,1997-09,2024-04
243110,NAHSHON,נחשון,2007-12,2024-04
243120,GEZER VINEYARDS,גזר כרם,1963-10,1972-01
243150,HULDA,חולדה,1935-09,2024-04
243200,YESODOT,יסודות,1949-09,2024-04
243250,MISHMAR DAWID,משמר דוד,1950-09,1998-05
243300,MA'ALE HAHAMISHA,מעלה החמישה,1938-12,1973-05
243310,MA'ALE HAHAMISHA,מעלה החמישה,2001-11,2024-04
243330,MIZPE YERIHO,מצפה יריחו,2001-11,2011-07
243331,MIZPE YERIHO,מצפה יריחו,2011-08,2024-04
243349,HAR'EL,הראל,1994-09,2024-04
243350,HAR'EL,הראל,1951-09,1988-05
243400,SHAAR HAGAY,שער הגיא,1929-11,1959-05
243450,NEWE ILAN,נווה אילן,1954-09,1960-05
243500,QIRYAT ANAVIM,קריית ענבים,1922-09,2018-07
243501,QIRYAT ANAVIM,קריית ענבים,2018-08,2024-04
243520,BET NEQOFA,בית נקופה,1979-02,1986-12
243530,JERUSALEM RAMOT,ירושלים רמות,2018-08,2024-04
243550,NAHAL SOREQ RAILWAY ST.,נחל שורק תחנת הרכבת,1943-09,1948-05
243580,MIZPE YERIHO,מצפה יריחו,1983-10,1985-05
243600,TAL SHAHAR,טל שחר,1949-09,1969-05
243650,SHOEVA - SARIS,שואבה - סריס,1938-09,1955-05
243700,JERUSALEM FRENCH HILL,ירושלים גבעה צרפתית,1927-09,1936-05
243750,KEFAR URIYYA,כפר אוריה,1950-09,1958-05
243798,BET ME'IR,בית מאיר,2016-08,2024-04
243799,BET ME'IR,בית מאיר,1977-09,2011-09
243800,BET ME'IR,בית מאיר,1952-09,1977-05
243801,BET ME'IR - BET MAHASIR,בית מאיר - בית מחסיר,1940-09,1948-05
243850,SHORESH,שורש,1956-09,2013-05
243900,MOZA ARZA,מוצא ארזה,1931-01,1956-05
243950,MOTSA ILIT,מוצא עלית,1939-09,1948-05
244000,JERUSALEM ROMEMA,ירושלים רוממה,1924-09,1952-05
244050,JERUSALEM SHNELLER,ירושלים שנלר,1896-01,1940-05
244100,JERUSALEM AM. COL. HOTEL,ירושלים מלון אמריקן קולוני,1898-09,1970-05
244120,JERUSALIM AMERICAN COL.,ירושלים מושבה אמריקאית,1925-01,1935-05
244150,ESHTA'OL,אשתאול,1956-09,1975-05
244151,ESHTAOL NURSERY,אשתאול משתלה,1976-10,1980-12
244200,KHAN AL AHMAR,חן אל אחמר,1932-09,1945-05
244250,JERUSALEM SCOPUS,ירושלים הר הצופים,1930-11,1948-05
244350,ZOVA,צובה,1948-09,1964-05
244351,ZOVA,צובה,1964-09,1975-05
244352,ZOVA MAN,צובה מאוישת,1975-10,2017-07
244353,ZOVA,צובה,2004-09,2024-04
244354,ZOVA MAN,צובה מאוישת,2017-08,2024-04
244400,JERUSALEM QIRYAT MOSHE,ירושלים קריית משה,1953-09,1955-05
244450,JERUSALEM D. YELIN SEMINAR,ירושלים סמינר דוד ילין,1924-09,1963-05
244500,JERUSALEM BET HA KEREM,ירושלים  בית הכרם,1940-09,1952-05
244600,JERUSALEM LEMELSCHOOL,"ירושלים בי""""ס למל",1920-09,1941-05
244650,IERUS NEW ENGLISH HOSP.,"ירושלים בי""""ח אנגלי חדש",1897-09,1948-05
244660,JERUSALEM PROPHETS ST.,ירושלים רח' הנביאים,1940-09,1944-05
244680,JERUSALEM PROPHETS ST.,ירושלים רח' הנביאים,1955-09,1970-10
244700,JERUSALIM ST.GEORGE,ירושלים סנט ג'ורג',1939-09,1946-05
244730,JERUSALEM CENTRE MAN,ירושלים מרכז מאוישת,1949-09,2015-07
244731,JERUSALEM CENTRE,ירושלים מרכז,2002-09,2024-04
244750,JERUSALEM ST ETIENNE,ירושלים סנט אטיין,1941-09,1948-05
244800,JERUSALEM TRAINING,"ירושלים בי""""ס להדרכה",1944-09,1947-05
244850,JERUSALEM ST ANNE,ירושלים סט. אן,1908-09,2024-04
244900,JERUSALEM MT. OF OLIV,ירושלים הר הזיתים,1918-09,1926-05
244950,DEIR RAFAT,דייר ראפאת,1932-10,1957-05
245000,RAMAT RAZI'EL,רמת רזיאל,1950-09,1965-11
245005,RAMAT RAZI'EL,רמת רזיאל,2013-08,2024-04
245050,ETANIM - DIR AMAR,איתנים - דיר עמר,1944-09,1948-05
245051,ETANIM,איתנים,1954-09,1958-05
245100,EIN KEREM DAM,עין כרם סכר,1954-09,1957-05
245130,JERUSALEM HAR HERZL,ירושלים הר הרצל,1964-10,1971-05
245134,JERUSALEM FOREST YOUTH CENTER,יער ירושלים מרכז לנוער,1973-10,1981-05
245135,JERUSALEM FOREST YOUTH CENTER,יער ירושלים מרכז לנוער,1971-10,1973-05
245140,JERUSALEM UNIV. CAMPUS,ירושלים קריית האוניברסיטה,1959-09,1985-05
245150,JERUSALEM PALACE HOTEL,ירושלים מלון פלס,1936-09,1947-05
245170,JERUSALEM OLD CITY HOSP,"ירושלים בי""""ח העיר העתיקה",1846-01,1977-12
245200,JERUSALEM MAMILAH ST.,ירושלים רחוב ממילא,1955-09,1961-05
245220,JERUSALEM TERRA SANTA,ירושלים טרה סנטה,1961-09,1988-12
245350,JERUSALEM NOTRE DAME,ירושלים נוטרדם,1930-09,1948-05
245400,JERUSALEM KING DAVID,ירושלים המלך דוד,1955-09,1966-05
245450,JERUSALEM AT-TOR,ירושלים א-טור,1941-09,1944-05
245460,MA'ALE ADUMMIM,מעלה אדומים,1984-01,1991-05
245462,MA'ALE ADUMMIM MAN,מעלה אדומים מאוישת,1991-09,2008-05
245463,MA'ALE ADUMMIM MAN,מעלה אדומים מאוישת,2006-12,2024-04
245464,MA'ALE ADUMMIM,מעלה אדומים,2007-01,2024-04
245499,ZOR'A,צרעה,1949-09,1950-05
245500,ZOR'A,צרעה,1950-09,2024-04
245550,HARTUV COLONY,הרטוב מושבה,1937-09,1947-05
245600,EVEN SAPPIR,אבן ספיר,1957-09,1976-05
245601,EVEN SAPPIR EXP. STATION,אבן ספיר תחנת נסיונות,1959-09,1963-02
245700,JERUSALEM EN KEREM,ירושלים עין כרם,1953-09,1981-05
245750,JERUSALEM BAYIT VEGAN,ירושלים בית וגן,1952-09,1997-05
245780,JERUSALEM UNIV CAMPUS,ירושלים קריית האוניברסיטה,1964-10,1981-05
245782,JERUSALEM GIVAT RAM,ירושלים גבעת רם,2004-10,2024-04
245800,JERUSALEM QATAMON,ירושלים קטמון,1955-09,1967-05
245830,JERUSALEM GERMAN COLONY,ירושלים מושבה גרמנית,1895-09,1939-06
245831,JERUSALEM REFAIM VALLEY,ירושלים עמק רפאים,1950-03,1973-12
245840,JERUSALEM TALBIE,ירושלים טלביה,1948-02,1949-12
245850,JERUSALEM DORMITION,ירושלים דורמיציון,1932-09,1948-05
245900,JERUSALEM GOBAT SCHOOL,"ירושלים בי""""ס גובט",1940-01,1942-05
245950,JERUSALIM BETH LEHEM RD.,ירושלים דרך בית לחם,1927-09,1930-05
246000,EL AZARIA,אלעזריה,1941-09,1948-05
246020,TIROSH,תירוש,1962-09,1967-11
246100,AMMINADAV,עמינדב,1950-09,1952-05
246150,JERUSALEM MANAHAT,ירושלים מנחת,1954-09,1994-12
246180,AMMINADAV,עמינדב,1966-10,1979-05
246200,HAR YE'ELA - DEIR ALHAWA,הר יעלה - דייר אלהווא,1941-09,1946-05
246250,BAR GIORA RAILWAY ST.,בר גיורא תחנת הרכבת,1940-09,1947-05
246300,JERUSALEM ROMAT RAHEL,ירושלים - רמת רחל,1944-09,1958-05
246350,JERUSALEM MAR ELIAS,ירושלים מר אליאס,1942-09,1948-05
246450,BATTIR,בתיר,1939-09,1948-05
246500,DEIR KIRMIZAN,דייר קירמיזן,1938-09,1948-05
246550,BEIT JIMAL MAN,בית ג'מל מאוישת,1919-09,2024-04
246551,BEIT JIMAL,בית ג'מל,2003-09,2024-04
246600,MATA - ALLAR,מטע - עלר,1941-09,1947-05
246630,ZUR HADASSA,צור הדסה,2001-09,2024-04
246650,MEVO BETAR,מבוא ביתר,1951-09,2003-05
246700,ZEKHARYA,זכריה,1945-09,1952-05
246710,HAR GILLO,הר גילה,1969-10,1995-05
246750,BEIT JALA,בית ג'אלה,1947-09,1948-05
246800,BETHLEHEM SCHOOL,"בית לחם בי""""ס",1944-09,1948-05
246850,BETHLEHEM,בית לחם,1939-09,1948-05
246900,BEIT SAHUR,בית סחור,1940-09,1947-05
246950,DEIR MAR SABA,מנזר מר סבא,1941-09,1948-05
247000,NETIV HALAMED-HE,"נתיב הל""""ה",1947-09,1972-05
247001,NETIV HALAMED-HE,"נתיב הל""""ה",1972-09,1978-05
247002,NETIV HALAMED HE MAN,נתיב הלה מאוישת,1978-09,2024-04
247003,NETIV HALAMED HE,נתיב הלה,2004-09,2024-04
247020,AVI'EZER,אביעזר,1980-05,1982-11
247050,AJJOUR,עג'ור,1946-09,1948-05
247100,BEREKHOT SHELOMO,בריכות שלמה,1924-09,1947-05
247170,SARIGIM,שריגים,1961-09,1965-11
247199,GIV'AT YESHAYAHU,גבעת ישעיהו משתלה,1976-10,1985-05
247200,GIV'AT YESHA'YAHU,גבעת ישעיהו,1958-09,1966-05
247205,ALLON SHEVUT,אלון שבות,1981-01,2002-05
247206,ALLON SHEVUT,אלון שבות,2002-09,2024-04
247210,ROSH ZURIM,ראש צורים,1970-10,1983-05
247211,ROSH ZURIM MAN,ראש צורים מאוישת,1983-09,2024-04
247212,ROSH ZURIM,ראש צורים,2002-09,2024-04
247215,EL'AZAR,אלעזר,2003-09,2024-04
247220,EFRATA,אפרתה,1992-09,2024-04
247230,MASSU'OT YIZHAQ (OLD),משואות יצחק הישנה,1945-09,1947-05
247250,BET NIR,בית ניר,1955-09,1978-05
247251,BET NIR,בית ניר,1978-10,2024-04
247300,SUREIF,סוריף,1945-09,1948-05
247350,KEFAR EZYON,כפר עציון,1943-09,1948-05
247370,KEFAR EZYON,כפר עציון,1967-10,2024-04
247400,KM 19 JERUS HEBRON RD,קמ 19 כביש ירושלים חברון,1924-09,1935-05
247410,MIGDAL OZ,מגדל עוז,1977-10,1979-05
247411,MIGDAL OZ,מגדל עוז,1980-09,1997-05
247412,MIGDAL OZ,מגדל עוז,1997-09,2024-04
247420,NEHUSHA,נחושה,2005-02,2024-04
247449,GAL'ON,גלאון,1973-10,2024-04
247450,GAL'ON,גלאון,1946-09,1973-05
247500,BEIT UMMAR,בית עמר,1944-09,1948-05
247550,BET GUVRIN,בית גוברין,1950-09,2024-04
247600,NEHUSHA,נחושה,1955-09,1967-05
247650,EIN EL ARRUB,עין אלערוב,1924-09,1936-05
247651,EIN EL ARRUB,עין אל ערוב,1935-09,1948-05
247680,KARMEI TZUR,כרמי צור,2020-09,2021-05
247700,BEIT GUVRIN POLICE,בית גוברין משטרה,1935-09,1947-05
247750,BEIT JIBRIN SCHOOL,"בית ג'וברין בי""""ס",1940-09,1942-05
247800,SHAHARIYA,שחריה,1956-09,1958-05
247881,MA'ALE AMOS,מעלה עמוס,2005-01,2024-04
247900,HALHUL,חלחול,1940-09,1948-05
247950,LAKHISH,לכיש,1955-09,1976-05
247990,QIRYAT ARBA,קרית ארבע,2012-05,2012-11
248000,AMAZYA,אמציה,1955-09,2001-05
248001,AMAZYA,אמציה,2001-09,2007-05
248002,AMAZYA,אמציה,2007-08,2015-05
248010,ELIAV,אליאב,2017-04,2024-04
248050,AMAZIA  - DAWAYIMA,אמציה - דואימה,1945-09,1948-05
248100,HEBRON DIST. OFFICE,חברון משרדי המחוז,1926-09,1947-05
248130,HEBRON (OTTOMAN PERIOD),חברון - עותמאנית,1895-09,1914-05
248150,HEBRON SEC. BOYS SCH.,"חברון בי""""ס תיכון לבנים",1945-09,1948-05
248200,BANI NAIM,בני נעים,1940-09,1948-05
248250,DURA,דורא,1939-09,1948-05
248260,NEGOHOT,נגוהות,2001-09,2019-05
248290,SHOMRIYA,שומריה,1989-12,1997-05
248300,DEVIRA,דבירה,1951-09,1978-05
248301,DEVIRA,דבירה,1978-10,1994-05
248302,DEVIRA,דבירה,1994-09,2007-05
248350,DHAHIRIYA SCHOOL,"דהריה בי""""ס",1935-09,1948-05
248360,KARMEL,כרמל,1981-10,2024-04
248370,MA'ON,מעון,1981-12,2024-04
248375,SUSEYA,סוסיה,1983-10,2024-04
248396,LAHAV,להב,2010-07,2024-04
248397,LAHAV MAN,להב מאוישת,1994-09,2024-04
248398,LAHAV,להב,1977-09,1994-05
248399,LAHAV,להב,1966-09,1977-05
248400,LAHAV,להב,1952-09,1966-05
248410,LEHAVIM,להבים,1988-02,2013-12
248470,SUSEYA MITZPE - YAIR,סוסיא - מצפה יאיר,2005-03,2011-05
248480,TENEH OMARIM,טנא עומרים,2018-08,2024-04
249000,NAHAL ZOHAR,נחל זוהר,1962-09,2024-04
250050,TLAMIM - JUBARAT SCHOOL,"תלמים - בי""""ס ג'באראת",1946-09,1948-05
250070,TLAMIM - THAWABITA,תלמים - ת'ואביתה,1946-09,1948-05
250100,TEL QESHET - ABU JABIR SCHOOL,"תל קשת - בי""""ס אבו ג'ביר",1946-09,1948-05
250150,DOROT,דורות,1941-09,2001-05
250151,DOROT MAN,דורות מאוישת,2001-10,2024-04
250156,DOROT,דורות,2004-09,2024-04
250250,RUHAMA,רוחמה,1912-09,2024-04
250350,ZERU'A,זרועה,1997-09,2000-05
250398,BET QAMA,בית קמה,1992-09,2024-04
250399,BET QAMA,בית קמה,1974-10,1992-05
250400,BET QAMA,בית קמה,1949-09,1974-05
250600,SHOVAL,שובל,1946-09,2024-04
250700,SHOVAL POLICE POST,שובל משטרה,1944-09,1948-05
250720,HUZAYYEL SCHOOL,"הוזייל בי""""ס",1946-09,1948-05
250750,SHIBBOLIM,שיבולים,1955-09,1968-12
250800,LAHAV - KHIRBET KHALIF,להב - חרבת חליף,1947-09,1948-05
250830,LEHAVIM - EL FUKRI,להבים - אל פוכרי,1970-09,1977-05
250850,MAGDA,מגדה,1956-09,1962-05
250900,TAL OR,טל אור,1957-09,1974-11
250949,MISHMAR HANEGEV,משמר הנגב,1973-09,1976-05
250950,MISHMAR HANEGEV,משמר הנגב,1946-09,1973-05
251011,SHANI,שני,2004-09,2024-04
251013,KARMEL MATAEIM,כרמל מטעים,2001-09,2024-04
251015,KEREM BEIT YATTIR,כרם בית יתיר,2000-09,2003-05
251100,MERHAVIM NURSERY,מרחבים משתלה,1956-09,1959-05
251120,METAR,מיתר,1992-09,2024-04
251130,YATTIR,יתיר,1964-10,1974-05
251131,YATTIR,יתיר,1974-09,2016-05
251150,PATTISH,פטיש,1956-09,1964-11
251200,MASLUL,מסלול,1957-09,1959-05
251220,LAQYE,לקיה,1971-09,1977-05
251230,KERAMIM,כרמים,1981-10,1984-11
251250,GILAT SETTLEMENT,גילת מושב,1951-09,1965-12
251300,GILAT FOR NURS,גילת משתלות,1952-09,1975-12
251350,GILAT EXP STATION,גילת תחנת נסיונות,1953-09,1996-05
251450,ESHEL HANASI,אשל הנשיא,1953-09,1974-05
251451,ESHEL HANASI,אשל הנשיא,1974-09,2024-04
251500,URIM  - AL'IMARA SCHOOL,"אורים - אלעמארה בי""""ס",1946-09,1948-05
251549,URIM - AL'IMARA POLICE,אורים - משטרת עמארה,1934-09,1948-05
251550,URIM,אורים,1948-09,2024-04
251555,BIQAT QANNAIM,בקעת קנאים,2013-08,2024-04
251560,SHOKET JUNCTION,צומת שוקת,1962-09,1975-05
251565,HURA,חורה,1970-10,1977-05
251569,ARAD,ערד,2002-09,2024-04
251570,ARAD,ערד,1962-02,1964-05
251571,ARAD,ערד,1964-09,1999-05
251575,HAR QANNAIM,הר קנאים,1964-09,2006-05
251589,TEL ARAD,תל ערד,1970-10,1975-05
251590,TEL ARAD,תל ערד,1964-09,1966-05
251598,OMER,עומר,1969-09,1973-05
251599,OMER,עומר,1973-09,2024-04
251600,OMER,עומר,1950-09,1967-12
251620,KM 28 BE'ERSHEVA ARAD ROAD,"כביש ב""""ש ערד ק""""מ 28",1962-09,1969-05
251690,BE'ER SHEVA NEGEV INST,באר שבע מכון הנגב,1957-09,2010-02
251691,BE'ER SHEVA,באר שבע,2002-09,2022-11
251692,BEER SHEVA BGU,באר שבע אוניברסיטה,2022-11,2024-04
251699,TEL KASIF,תל כסיף,1970-10,1975-05
251700,KUSEIFE,כסיפה,1956-09,1965-12
251750,MIVTAHIM,מבטחים,1958-09,1972-05
251800,HAZERIM,חצרים,1952-09,1961-05
251850,BE'ER SHEVA,באר שבע,1921-09,1957-05
251900,BE'ER SHEVA SOUTH,באר שבע דרום,1954-09,1995-12
251950,BEIT ESHEL,בית אשל,1943-09,1947-05
251970,ROSH ZOHAR - RAS EZ ZUWEIRA,ראש זהר - ראס אזוירה,1933-09,1938-09
252002,HAR KINA,הר קינה,1960-09,1961-05
252100,SARA VALLEY,עמק שרה,1960-09,1963-01
252110,HAWAT RAM,חוות רם,1995-09,1997-05
252150,NEVATIM KIBUTZ,נבטים קיבוץ,1946-09,1961-05
252200,GEVULOT,גבולות,1943-09,2024-04
252250,TELEL MILHATA,תל מלחתה,1942-09,1948-05
252295,ZE'ELIM,צאלים,1972-09,1992-05
252296,ZE'ELIM,צאלים,1997-09,2024-04
252300,ZE'ELIM,צאלים,1949-09,1972-05
252301,ZE'ELIM,צאלים,1960-09,1962-12
252304,NEVATIM MAN,נבטים מאוישת,2005-03,2010-05
252305,NEVATIM,נבטים,2010-09,2024-04
252320,ARAD ZOHAR RD,כביש ערד זוהר,1964-09,2013-07
252330,RAMAT HOVAV - HAR NAIM,רמת חובב - הר נעים,1975-10,1977-05
252335,NAHAL ZON,נחל צאן,1970-09,1976-11
252340,HALUZA RD,דרך חלוצה,1960-09,1968-05
252360,BEEROT AROER,בארות ערוער,1955-09,1973-05
252420,MA'ALE AMMIAZ,מעלה עמיעז,1964-09,1969-05
252428,ZOMET HANEGEV,צומת הנגב,2004-09,2024-04
252430,ZOMET HANEGEV,צומת הנגב,1974-09,1999-05
252431,ZOMET HANEGEV MAN,צומת הנגב מאוישת,1999-09,2011-05
252433,MISHOR ROTEM,מישור רותם,1979-04,1989-05
252434,MISHOR ROTEM,מישור רותם,1976-01,1978-05
252435,MISHOR ROTEM,מישור רותם,1970-10,1975-05
252440,ZOMET HANEGEV TOTALIZER,צומת הנגב אוגר,1952-09,2010-03
252450,DIMONA,דימונה,1957-09,1972-05
252500,REVIVIM,רביבים,1943-09,1978-10
252502,REVIVIM FARM,רביבים חווה,1976-02,1978-05
252505,REVIVIM FARM,רביבים חווה,1978-09,1984-05
252506,REVIVIM MAN,רביבים מאוישת,1984-09,2024-04
252510,ZAFIT JUNCTION,צומת צפית,1954-09,2024-04
252511,ZAFIT JUNCTION,צומת צפית,1997-09,2011-05
252520,MAMSHIT KURNUB,ממשית כורנוב,1949-09,2024-04
252540,DIMONA YEROHAM RD,כביש דימונה ירוחם,1954-09,2024-04
252545,NAHAL ZAVOA CROSS,מעבר נחל צבוע,1952-09,2024-04
252550,MAMSHIT,ממשית,1934-09,1948-05
252600,BE'ER MASHABIM - BIR 'ASLUJ,באר משאבים - ביר עסלוג',1934-09,1948-05
252700,MASH'ABBE SADE,משאבי שדה,1949-09,1974-05
252720,YEROHAM DAM,ירוחם סכר,1952-09,2024-04
252722,YEROHAM,ירוחם,1983-09,1984-11
252730,ASHALIM S. HAYIL MAN,אשלים שדה חייל מאוישת,1981-10,2024-04
252731,ASHALIM,אשלים,2016-02,2024-04
252735,SEDOM ASCENT,מעלה סדום,1955-09,2024-04
252750,YEROHAM,ירוחם,1953-09,1971-11
252755,HAMAKHTESH HAQATAN RIM,המכתש הקטן - שפת המכתש,1960-09,1967-05
252760,HAMAKHTESH HAGADOL WEST RIM,המכתש הגדול - שפה מערבית,1961-09,2024-04
252765,ORON JUNCTION,אורון צומת,1952-09,2024-04
252769,ROTEM FARM,רותם חווה,1996-11,2018-06
252770,HAMAKHTESH HAQATAN CENTRE,המכתש הקטן מרכז,1960-09,1969-05
252775,ASHALIM,אשלים,1958-09,1983-05
252780,HAMAKHTESH HAGADOL,המכתש הגדול,1961-09,2024-04
252785,ASHALIM NIZZANA ROAD KM 53,כביש אשלים ניצנה קמ 53,1958-09,2024-04
252790,YEROHAM S BOQER ROAD KM 42,כביש ירוחם שדה בוקר קמ 42,1952-09,2024-04
252795,UPPER MA'ALE AQRABIM,מעלה עקרבים עליון,1949-09,2024-04
252800,ORON,אורון,1953-09,2013-12
252843,NAHAL BOQ'ER,נחל בוקר,2003-09,2006-01
252870,KOKHAV,כוכב,1952-09,2024-04
252900,QEZIOT,קציעות,1953-09,1968-05
252901,QEZIOT,קציעות,1975-10,1977-05
252915,SHIVTA,שבטה,1968-10,1971-05
252920,SHIVTA,שבטה,1960-11,1971-05
252925,SHIVTA,שבטה,1968-11,1971-05
252950,NIZZANA,ניצנה,1934-09,1950-05
252960,NIZZANA,ניצנה,1975-09,2024-04
253000,SEDE BOQER MAN,שדה בוקר מאוישת,1951-09,2024-04
253010,SEDE BOQER,שדה בוקר,2004-09,2024-04
253020,HAR HATIRA ASCENT,הר חתירה מעלה,1952-09,2024-04
253030,SEDE BOQER UNI,שדה בוקר אוניברסיטה,1966-12,1975-01
253035,HOR HAHAR,הור ההר,1976-09,1981-05
253040,ZIN VALLEY,בקעת צין,1959-09,1962-05
253050,AVEDAT FARM,עבדת חווה,1960-09,2000-05
253052,AVDAT,עבדת,2008-10,2024-04
253400,MA'ALE AQRABIM REGEM TZAFIR,מעלה עקרבים רגם צפיר,1960-09,2024-04
253450,NAHAL ZIN - ORON ROAD,נחל צין - דרך אורון,1975-10,1977-05
253500,NAHAL ZIN,נחל צין,1959-09,1962-05
253700,AVEDAT,עבדת,1954-09,2009-05
253745,EZUZ,עזוז,2009-03,2024-04
253900,BE'EROTAYIM,בארותיים,1963-09,1965-05
253990,BEEROTAYIM JUNCTION,צומת בארותיים,1989-09,2024-04
254250,BEER HAFIR,באר חפיר,1976-09,1980-05
254300,NAHAL GEVE,נחל גבע,1960-09,1962-05
254500,ROAD 40 - NAHAL ZIN  CROSSING,כביש - 40 מעבר נחל צין,1960-09,2024-04
254900,QADESH BARNEA RIDGE,קדש ברנע שלוחה,1985-09,2012-07
255500,GIVAT BARNEA,גבעת ברנע,1963-09,1966-05
255595,MIZPE RAMON NORTH,מצפה רמון צפון,1969-09,2005-05
255600,MIZPE RAMON NORTH,מצפה רמון צפון,1967-09,1969-05
255630,MIZPE RAMON,מצפה רמון,2004-09,2011-05
256000,MIZPE RAMON,מצפה רמון,1959-09,1968-02
256001,MIZPE RAMON,מצפה רמון,1952-09,1958-05
256002,MIZPE RAMON,מצפה רמון,1958-09,1959-05
256003,MIZPE RAMON,מצפה רמון,2014-09,2024-04
256200,MAKHTESH RAMON,מכתש רמון,1956-09,2008-05
256201,MAKHTESH RAMON,מכתש רמון,2012-08,2024-04
256250,BOR HAMAT,בור חמת,1985-09,2024-04
256300,HAR HORESHA,הר חורשה,1985-09,2011-05
256450,BOUNDARY PILLAR 59,אבן גבול 59,1988-09,2011-05
256500,HAR RAMON,הר רמון,1976-09,1980-05
256581,HAR HARIF,הר חריף,2015-08,2016-07
257050,BEEROT ODED,בארות עודד,1976-09,1980-05
257200,HAMESHAR,המישר,1956-09,2024-04
257330,EN MEARA,עין מערה,1985-09,2012-07
257400,HAR SAGGI,הר שגיא,1963-09,1966-05
257401,HAR SAGGI CREST,הר שגיא פסגה,1976-09,1980-05
257450,BOUNDARY PILLAR 54,אבן גבול 54,1986-09,2011-05
257600,NAHAL PARAN RD CROSS,נחל פארן מעבר כביש,1958-09,1977-05
257800,RAMAT KARKOM,רמת כרכום,1959-09,1961-05
258000,ZIHOR NEWE MIDBAR,ציחור נווה מדבר,1960-09,1964-05
258100,RAMOT SAGGI,רמת שגיא,1963-09,1966-05
258200,UPPER NAHAL ZIHOR,נחל ציחור עליון,1959-09,1962-05
258300,UPPER NAHAL PARAN,נחל פארן עליון,1959-09,1962-05
258400,NAHAL AQOF,נחל עקוף,1959-09,1962-05
258550,NAHAL HIYYON,נחל חיון,1958-09,2024-04
258700,NAHAL YAALON,נחל יעלון,1960-09,1962-05
258820,BOUNDARY PILLAR 63,אבן גבול 63,1989-09,2011-05
258850,PARAN RIVER - ROAD 40,נחל פארן - כביש 40,1963-09,2024-04
259000,UPPER NAHAL ZNIFIM,נחל צניפים עליון,1959-09,1962-05
259132,NEOT SMADAR MAN,נאות סמדר מאוישת,1998-09,2024-04
259133,NE'OT SMADAR,נאות סמדר,2007-09,2024-04
259150,KETURA SHIZAFON ROAD KM 11,כביש קטורה שיזפון קמ 11,1958-09,2010-07
259270,UVDA AIRPORT,עובדה שדה תעופה,1981-10,2005-05
259300,BIQAT UVDA,בקעת עובדה,1960-09,1962-05
259450,HILL 677,גבעה 677,1963-09,1966-05
259480,BOUNDARY PILLAR 71,אבן גבול 71,1986-09,2011-05
259500,SAYYARIM JUNCTION,צומת סיירים,1985-09,2024-04
259590,BOUNDARY PILLAR 79,אבן גבול 79,1989-09,2024-04
259600,HILL 725,גבעה 725,1963-09,1966-05
259700,BOUNDARY PILLAR 82,אבן גבול 82,1985-09,2024-04
259750,HAR YEHOAHAZ,הר יהואחז,1964-09,1966-05
286100,MIZPE ELAT,מצפה אילת,1986-09,2024-04
310050,MA'YAN BARUKH,מעיין ברוך,1947-09,1973-05
310051,MA'YAN BARUKH,מעיין ברוך,1973-09,2024-04
310080,SNIR SETTELMENT,שניר היאחזות,1967-09,1968-05
310081,SNIR,שניר,1968-10,1975-05
310082,SNIR,שניר,1976-09,1982-01
310083,BANIAS NATURE RESERVE,בניאס שמורה,1991-09,2024-04
310093,DAFNA MAN,דפנה מאוישת,2011-09,2024-04
310094,DAFNA MAN,דפנה מאוישת,1976-09,2011-05
310095,DAFNA,דפנה,1970-09,1976-05
310097,DAFNA,דפנה,2010-04,2019-07
310098,DAFNA,דפנה,2019-08,2024-04
310100,DAFNA,דפנה,1939-09,1970-05
310120,TEL DAN,תל דן,1991-09,2024-04
310150,DAN,דן,1939-09,2000-05
310170,SHE'AR YASHUV,שאר ישוב,1961-09,1974-05
310190,HAGOSHERIM,הגושרים,1965-10,2014-07
310191,HAGOSHERIM,הגושרים,2014-09,2024-04
310200,QIRYAT SHEMONA TEXTILE,קריית שמונה טכסטיל,1960-09,1975-05
310300,QIRYAT SHEMONA,קריית שמונה,1950-09,1988-05
310349,KEFAR SZOLD,כפר סאלד,1971-09,1992-05
310350,KEFAR SZOLD,כפר סאלד,1943-09,1971-05
310351,KEFAR SZOLD,כפר סאלד,1992-09,2024-04
310400,AMIR,עמיר,1940-09,1970-05
310450,SEDE NEHEMYA,שדה נחמיה,1941-09,1957-05
310550,KEFAR BLUM,כפר בלום,1944-09,1977-05
310551,KEFAR BLUM MAN,כפר בלום מאוישת,1977-09,2024-04
310552,KEFAR BLUM,כפר בלום,2005-09,2024-04
310600,NE'OT MORDEKHAY,נאות מרדכי,1946-09,1992-05
310601,NE'OT MORDEKHAY,נאות מרדכי,1992-09,2005-05
310603,NE'OT MORDEKHAY,נאות מרדכי,2005-09,2024-04
310700,SHAMIR FIELDS,שמיר שדות,1946-09,1976-05
310701,SHAMIR,שמיר,1962-09,1968-05
310702,SHAMIR,שמיר,1976-10,2016-07
310703,SHAMIR,שמיר,2016-08,2024-04
310750,EIN AVAZIM - AL BUWEIZIYA,עין אווזים - אל בובייזיה,1933-11,1938-05
310780,HULA FARM,חולה חווה,1954-09,1966-11
310799,LAHAVOT HABASHAN,להבות הבשן,1976-09,2024-04
310800,LAHAVOT HABASHAN,להבות הבשן,1946-09,1976-05
310900,AGMON HAHULA JUNCTION,אגמון החולה צומת,1956-09,1969-05
310910,HULA CENTRAL,חולה מרכז,1965-10,1976-05
310970,NOTERA,נוטרה,1973-10,1982-05
311050,YESUD HAMA'ALA,יסוד המעלה,1921-09,1996-05
311070,HULA,חולה שמורה,1991-09,2024-04
311100,HULATA,חולתה,1959-09,1969-11
311150,SEDE ELI'EZER,שדה אליעזר,1955-09,1959-05
311200,AYYELET HASHAHAR,איילת השחר,1920-09,1966-05
311201,AYYELET HASHAHAR,איילת השחר,1966-09,1995-05
311202,AYYELET HASHAHAR,איילת השחר,2023-08,2024-04
311203,AYYELET HASHAHAR,איילת השחר,1995-09,1999-05
311204,AYYELET HASHAHAR MAN,איילת השחר מאוישת,1999-09,2022-07
311206,AYYELET HASHAHAR,איילת השחר,2010-09,2023-07
311207,AYYELET HASHAHAR MAN,איילת השחר מאוישת,2022-08,2024-04
311208,TEL HAZOR,תל חצור,2002-12,2024-04
311250,GADOT,גדות,1954-09,2014-07
311251,GADOT,גדות,2014-09,2024-04
311300,MISHMAR HAYARDEN,משמר הירדן,1950-09,1954-05
311350,GESHER BENOT YAAQOV,גשר בנות יעקב,1933-09,1947-05
311450,MAHANAYIM,מחניים,1920-09,2024-04
311500,KEFAR HANASI,כפר הנשיא,1948-09,1972-05
311501,KEFAR HANASI,כפר הנשיא,1972-09,2024-04
311510,TUBA,טובא,1981-10,1990-05
311550,KARE DESHE,כרי דשא,1960-09,1997-05
311650,ALMAGOR,אלמגור,1963-09,2024-04
311655,KEFAR NAHUM MAN,כפר נחום מאוישת,2001-01,2024-04
311656,KEFAR NAHUM,כפר נחום,2007-09,2024-04
311660,BET ZAYDA,בית ציידה,2004-09,2024-04
311700,AMNUN,אמנון,2004-09,2024-04
320050,EN SHEVA,טבחה,1910-09,1976-05
320060,SAPIR SITE,אתר ספיר,1966-10,2024-04
320099,GINNOSAR,גינוסר,1982-10,2024-04
320100,GINNOSAR,גינוסר,1940-09,1967-05
320101,GINNOSAR,גינוסר,1967-09,1982-05
320150,MIGDAL,מגדל,1919-09,1957-05
320200,TIBERIAS FOREST NURSERY,טבריה משתלות היעור,1922-09,1963-03
320220,TIBERIAS SCOTCH HOSPITAL,"טבריה בי""""ח סקוטי",1890-09,1914-05
320250,EN GEV,עין גב,1938-09,1970-10
320300,HAMAT,חמת,1937-09,1977-05
320315,HAMAT TIBERIA (GAN LEUMI),חמת טבריה (גן לאומי),2007-09,2015-07
320350,HAON,האון,1951-09,2024-04
320400,KINNERET COLONY,כנרת מושבה,1911-09,1946-05
320405,KINNERET COLONY,כנרת מושבה,1992-01,2024-04
320448,KINNERET KVUZA,כנרת קבוצה,1977-09,2024-04
320449,KINNERET KVUZA,כנרת קבוצה,1969-09,1977-05
320450,KINNERET KVUZA,כנרת קבוצה,1931-09,1969-05
320500,DEGANYA ALEF,דגניה א',1917-09,1999-05
320502,DEGANYA ALEF,דגניה א',1999-09,2024-04
320550,BET YERAH,בית ירח,1953-09,1984-05
320600,BITANYA,ביתניה,1923-09,1940-05
320650,DEGANYA BET,דגניה ב',1922-09,2024-04
320700,ZEMAH,צמח,1933-09,1947-05
320702,ZEMAH MAN,צמח מאוישת,1995-09,2024-04
320703,ZEMAH,צמח,2002-09,2024-04
320750,TEL QAZIR,תל קציר,1950-09,1970-05
320751,TEL QAZIR,תל קציר,1978-10,2015-07
320752,TEL QAZIR,תל קציר,2015-08,2024-04
320770,MA'AGAN,מעגן,1960-10,2005-05
320800,BET ZERA,בית זרע,1934-09,1995-05
320801,BET ZERA,בית זרע,1995-09,2024-04
320850,SHA'AR HAGOLAN,שער הגולן,1938-09,2024-04
320900,MASSADA MAN,מסדה מאוישת,1974-09,2019-05
320901,MASSADA,מסדה,2011-01,2024-04
321000,AFIQIM,אפיקים,1939-09,1998-05
321002,AFIQIM,אפיקים,1995-09,2006-03
321010,AFIQIM VINEYARD,אפיקים כרם,1975-09,1983-05
321050,MENAHEMYA,מנחמיה,1978-10,1997-05
321051,MENAHEMYA,מנחמיה,1999-09,2014-05
321099,ASHDOT YA'AQOV IHUD,אשדות יעקב איחוד,1979-10,2006-05
321100,ASHDOT YA'AQOV IHUD,אשדות יעקב איחוד,1953-09,1979-05
321148,ASHDOT YA'AQOV ME'UHAD,אשדות יעקב מאוחד,1972-10,2024-04
321150,ASHDOT YA'AQOV ME'UHAD,אשדות יעקב מאוחד,1940-02,1972-05
321200,TEL OR,תל אור,1928-09,1948-05
321250,GESHER,גשר,1933-09,2024-04
321300,NEWE UR,נווה אור,1951-09,1999-05
321301,NEWE UR,נווה אור,2004-09,2024-04
321350,HAWAT SHEMUEL,חוות שמואל,1959-09,1968-05
321380,YARDENA,ירדנה,1986-10,2004-10
321400,BET YOSEF,בית יוסף,1949-09,1964-05
321450,DOSHEN FARM,דושן חווה,1955-09,1958-05
321451,DOSHEN FARM,דושן חווה,1974-10,1982-11
321500,NEWE ETAN,נווה איתן,1940-09,1974-11
321550,MA'OZ HAYYIM,מעוז חיים,1937-10,1972-05
321551,MA'OZ HAYYIM,מעוז חיים,1972-10,1980-05
321552,MA'OZ HAYYIM,מעוז חיים,1984-10,2015-04
321600,AVUQA,אבוקה,1940-10,1962-05
321650,EN HANAZIV,"עין הנצי""""ב",1948-09,1985-05
321700,KEFAR RUPPIN,כפר רופין,1939-09,2006-10
321701,KEFAR RUPPIN,כפר רופין,2017-04,2024-04
321750,SHIFAH,שפעה,1958-09,1962-05
321800,SEDE ELIYYAHU,שדה אליהו,1940-09,1995-05
321802,SEDE ELIYYAHU MAN,שדה אליהו מאוישת,1995-09,2024-04
321803,SEDE ELIYYAHU,שדה אליהו,2011-01,2024-04
321850,TIRAT ZEVI,טירת צבי,1938-09,2024-04
321900,TIRAT ZEVI - TEL SHEQAFIM,טירת צבי - תל שקפים,1963-10,1990-05
322100,MEHOLA,מחולה,1969-03,1992-05
322101,MEHOLA,מחולה,1972-09,1974-05
322102,MEHOLA,מחולה,1993-09,2024-04
322150,NAHAL ROTEM,נחל רותם,2003-09,2024-04
322550,HAMRA,חמרה,1972-09,1977-05
322650,ARGAMAN,ארגמן,1969-03,1970-05
322651,ARGAMAN FIELDS,ארגמן שדות,2012-08,2024-04
322655,ARGAMAN FIELDS,ארגמן שדות,1991-09,2012-07
322656,ARGAMAN SOUTH,ארגמן דרום,2004-09,2024-04
322670,ARGAMAN KITCHEN GARDEN,ארגמן גן ירק,1971-10,1976-05
322799,JIFTLIK POLICE POST,ג'יפתליק - תחנת משטרה,1942-09,1944-05
323000,MASSU'A PLANTATIONS,משואה - מטעים,1971-10,1974-05
323255,PEZA'EL,פצאל,1983-10,2024-04
323400,GILGAL,גלגל,1973-09,1976-05
323401,GILGAL,גלגל,1976-09,1978-05
323402,GILGAL MAN,גלגל מאוישת,1988-10,2024-04
323403,GILGAL,גלגל,2003-01,2024-04
330150,ALLENBY BRIDGE,גשר אלנבי,1933-09,1948-05
330200,JERICHO,יריחו,1923-09,1948-03
330210,BET HAARAVA,בית הערבה,2008-03,2024-04
330240,ALMOG,אלמוג,1983-12,1995-05
330250,BEIT HAARAVA  (OLD),בית הערבה (ישנה),1944-09,1947-05
330300,DEAD SEA NORTH FACTORY,"ים המלח צפון ביח""""ר",1928-09,1967-03
330350,QALYA (OLD),קליה (ישנה),1942-09,1946-05
330351,QALYA,קליה,1972-10,1975-05
330352,QALYA,קליה,1975-09,1976-05
330370,QALYA,קליה,1977-01,2015-07
330380,ALMOG PLANTATION,אלמוג מטעים,1992-09,1995-05
330381,ALMOG PLANTATION,אלמוג מטעים,2004-03,2024-04
330455,ENOT ZUQIM,עינות צוקים,2001-10,2024-04
330600,NAHAL QIDRON,נחל קדרון,1971-09,2024-04
330800,MIZPE SHALEM SETTLEMENT,מצפה שלם היאחזות,1972-10,1974-01
330810,METZOKE DRAGOT,מצוקי דרגות,2006-03,2024-04
330815,METZOKE DRAGOT MAN,מצוקי דרגות מאוישת,2008-09,2009-10
330880,MIZPE SHALEM  FACTORY,מצפה שלם מפעל,2011-09,2019-05
330900,NAHAL HAZAZON,נחל חצצון,1971-09,2024-04
330940,EN GEDI FIELD SCHOOL,"עין גדי בי""""ס שדה",1994-09,2001-09
330950,EN GEDI FIELD SCHOOL,"עין גדי בי""""ס שדה",1969-09,1981-05
331000,EN GEDI,עין גדי,1953-09,1966-05
331001,EN GEDI,עין גדי,1966-10,1968-05
331105,EN GEDI,עין גדי,1988-09,1994-05
331200,EN GEDI BATH MAN,עין גדי מרחצאות מאוישת,2001-09,2008-05
331210,EN GEDI BATH,עין גדי מרחצאות,2006-10,2024-04
331215,EN GEDI BATH MAN,עין גדי מרחצאות מאוישת,2008-09,2012-05
331470,MEZADA GAN LEUMI,מצדה גן לאומי,2000-11,2012-05
331500,EN GEDI RD OPP MEZADA,דרך עין גדי מול מצדה,1955-09,2024-04
331800,EN BOQEQ,עין בוקק,1966-10,1968-05
332000,MEZAD BOQEQ,מצד בוקק,1954-09,2024-04
332150,NEWE ZOHAR,נווה זוהר,1972-10,1982-05
332500,SEDOM CAMP,סדום מחנה,1936-09,1946-05
334000,SEDOM FACTORY,"סדום ביח""""ר",1943-09,1959-05
335500,SEDOM PANS,סדום ברכות,1936-09,1946-05
337000,SEDOM MAN,סדום מאוישת,1959-09,2018-07
337001,SEDOM,סדום,2004-09,2024-04
337800,NAHAL ZIN MOUTH,שפך נחל צין,1961-09,2024-04
340350,EN OFARIM,עין עופרים,1961-09,1971-05
340351,EN OFARIM,עין עופרים,1971-09,1989-05
340352,EN OFARIM,עין עופרים,1990-09,2009-07
340500,IR OVOT - EN HUSUB - P.P.,עיר אובות - משטרת עין חוסוב,1940-09,1951-05
340510,IR OVOT,עיר אובות,1955-09,2009-07
340525,HAZEVA FIELD SCHOOL,"חצבה בי""""ס שדה",1972-10,1976-01
340526,HAZEVA FIELD SCHOOL,"חצבה בי""""ס שדה",1976-10,1977-05
340528,HAZEVA MAN,חצבה מאוישת,1987-09,2024-04
340530,HAZEVA (OLD LOCATION),חצבה (מיקום היסטורי),1966-09,1968-05
340531,HAZEVA (OLD LOCATION),חצבה (מיקום היסטורי),1968-09,1969-05
340534,HAZEVA,חצבה,2009-09,2024-04
341350,EN YAHAV,עין יהב,1984-09,1987-05
341400,EN YAHAV - SPRING,עין יהב - מעיין,1950-09,1967-10
341410,MERKAZ SAPPIR,מרכז ספיר,1981-10,1993-05
341800,NAHAL OMER KM 129,נחל עומר קמ 129,1973-09,2024-04
342200,NAHAL PARAN KM 111,שפך פארן קמ 111,1949-09,2009-05
342500,PARAN,פארן,1971-12,1973-05
342502,PARAN MAN,פארן מאוישת,1993-09,2006-01
342503,PARAN OLD,פארן ישנה,2002-09,2006-01
342506,PARAN MAN,פארן מאוישת,2006-02,2014-02
342507,PARAN,פארן,2006-02,2024-04
343000,BEER MENUHA KM 101,באר מנוחה קמ 101,1958-09,2024-04
343200,BEER MENUHA,באר מנוחה,1951-09,1956-05
344000,ARVAT YAFRUQ KM 825,ערבת יפרוק קמ 82.5,1949-09,2024-04
344500,KM 71 ARAVA RD,קמ 71 כביש הערבה,1959-09,2024-04
344995,YOTVATA,יטבתה,1974-10,1976-02
345000,YOTVATA,יטבתה,1954-09,1967-10
345005,YOTVATA MAN,יטבתה מאוישת,1977-10,2014-02
345006,YOTVATA,יטבתה,2009-09,2024-04
345800,TIMNA PARK,פארק תמנע,1989-09,2024-04
345900,TIMNA,תמנע,1955-09,1973-05
345902,TIMNA,תמנע,1973-09,1975-12
347000,NAHAL YAEL,נחל יעל,1974-10,1977-05
347700,ELAT,אילת,1949-09,1997-05
347702,ELAT MAN,אילת מאוישת,1997-09,2024-04
347704,ELAT,אילת,2004-09,2024-04
347750,ELAT - HOF ZFAHOT,אילת - חוף צפחות,1971-11,1976-05
348600,ELAT - UM RASH-RASH,אילת - אום רשרש,1940-09,1948-05
2311570,YAHOUDIYE,יהודיה,1969-12,1976-05
2311572,YAHOUDIYE,יהודיה,1976-09,2024-04
2311620,HAD NES  ASCENT,חד-נס מעלה,1969-09,1971-05
2311650,MICHFA - BET ZAIDA,משפע - בית ציידא,1968-12,1972-05
2311660,NAHAL MASHAV,נחל משב,1969-10,1973-05
2320050,MA'ALE GAMLA,מעלה גמלא,1981-10,1999-05
2320100,RAMOT,רמות,1975-01,1977-11
2320105,RAMOT,רמות,1981-10,2024-04
2320150,GIVAT YOAV - KHIRBET MJAIHIYE,גבעת יואב - חירבת מג'חיה,1969-10,1972-05
2320900,HAMMAT GADER,חמת גדר,1978-02,1979-11
2488600,MAJDAL SHAMS,מג'דל שמס,1968-09,1977-05
2488601,MAJDAL SHAMS,מג'דל שמס,1977-09,1983-05
2488700,NEWE ATIV - RAMAT SHALOM,"נווה אטי""""ב - רמת שלום",1968-09,1970-05
2488706,NEWE ATIV,"נווה אטי""""ב",1988-10,1995-05
2488708,NEWE ATIV,"נווה אטי""""ב",2004-11,2024-04
2488800,NIMROD FORT,מבצר נמרוד,2004-11,2024-04
2488900,MAS'ADE,מסעדה,1968-09,1983-05
2489600,EL-ROM,אל -רום,1973-10,2024-04
2490000,HAAMIR JUNCTION - WASIT,צומת האמיר - ווסט,1971-09,1973-05
2492055,ZOMET HASHIRYON,צומת השריון,1974-10,1987-05
2492056,ZOMET HASHIRYON,צומת השריון,1987-10,1993-05
2492100,QIDMAT ZEVI - QADRIYE,קדמת צבי -קדיריה,1967-11,1971-12
2492250,NASHUT - NEAR DEIR SRASS,נשוט - ליד דיר סרס,1967-11,1971-12
2492300,KIDMAT ZVI - NEAR EIN SEMSEM,קדמת צבי - ליד עין סימסים,1969-09,1971-05
2492350,MESHUSHIM STREAM - NEAR AAMOUDIYE,נחל משושים - ליד עמודיה,1968-10,1971-05
2492400,CUSTOMS HOUSE JUNCTION,בית המכס צומת,1967-11,1971-10
2492450,MIZPE GADOT,מצפה גדות,1967-11,1971-12
2492480,UPPER CUSTOMS HOUSE,בית המכס העליון,1968-10,1972-05
2492510,KHIRBET NASHUT - NEAR FAKHOURA,חרבת נשוט - ליד פחורה,1969-09,1973-05
2492700,QAZRIN FIELD SCHOOL,"קצרין בי""""ס שדה",1979-02,1997-05
2492702,QAZRIN,קצרין,1983-12,1997-05
2492950,MESHUSHIM,משושים,2003-09,2024-04
2493300,YONATAN,יונתן,1979-02,2012-05
2493301,YONATAN,יונתן,2012-08,2024-04
2493330,GAMLA MAN,גמלא מאוישת,1991-09,2024-04
2493350,GAMLA,גמלא,2007-04,2024-04
2494350,RAMAT MAGSHIMIM KHISFINE,רמת מגשימים חספין,1968-10,1969-05
2494351,RAMAT MAGSHIMIM KHISFINE,רמת מגשימים חספין,1969-09,1973-05
2494352,RAMAT MAGSHIMIM,רמת מגשימים,1974-10,2018-07
2494353,RAMAT MAGSHIMIM,רמת מגשימים,2018-08,2024-04
2494451,NOV,נוב,1974-10,1978-05
2494452,NOV,נוב,1978-10,1994-01
2494500,GESHUR,גשור,1977-10,1992-05
2494550,AVNE ETAN,אבני איתן,1980-01,1984-05
2494551,AVNE ETAN,אבני איתן,1986-02,1993-05
2494552,AVNE ETAN,אבני איתן,2002-09,2024-04
2494553,AVNE ETAN MAN,אבני איתן מאוישת,1993-09,2024-04
2494615,ELI-AD,אלי-עד,1974-10,1978-05
2494616,ELI-AD,אלי-עד,1978-09,1997-05
2494620,ELI-AD -  EL-AL,אלי-עד (אל-על),1968-10,1970-05
2494650,GIV'AT YO'AV -  SQOUFIYE,גבעת יואב - סקופיה,1968-10,1971-05
2494652,GIV'AT YO'AV,גבעת יואב,1985-10,1990-05
2494660,BENE YEHUDA,בני יהודה,1994-09,2008-05
2494661,BENE YEHUDA,בני יהודה,2015-09,2024-04
2494680,NEOT HAGOLAN,נאות הגולן,1974-12,1985-05
2494700,NAHAL GOLAN JIBINE,נחל גולן גבין,1968-10,1972-05
2494739,GIV'AT YO'AV,גבעת יואב,1972-09,1978-03
2494740,AFIQ - OLD GIV'AT YO'AV,אפיק - גבעת יואב ישנה,1970-09,1972-05
2494760,AFIQ - FIQ,אפיק - פיק,1968-10,1969-05
2494770,AFIQ,אפיק,1975-03,1976-05
2494800,KEFAR HARUV,כפר חרוב,1976-09,1991-05
2494950,MEVO HAMMA,מבוא חמה,1968-10,1972-05
2494955,MEVO HAMMA,מבוא חמה,1974-10,1983-05
2494956,MEVO HAMMA,מבוא חמה,1982-10,1994-05
2496028,MEROM GOLAN PICMAN,מרום גולן פיכמן,2004-09,2024-04
2496029,MEROM GOLAN PICMAN MAN,מרום גולן פיכמן מאוישת,1976-09,2004-05
2496030,KUNEITRA - NURSERY,קוניטרה - משתלה,1968-03,1976-05
2496050,KUNEITRA,קוניטרה,1967-10,1973-05
2496060,MEROM GOLAN - KUNEITRA,מרום גולן - קוניטרה,1969-01,1970-05
2496061,MEROM GOLAN - KUNEITRA,מרום גולן - קוניטרה,1970-10,1972-03
2496100,QELA ALLON,קלע אלון,2009-09,2018-07
2496101,QELA ALLON,קלע אלון,2018-08,2019-05
2496200,EN ZIWAN,עין זיוון,1969-10,1973-05
2496204,EN ZIWAN,עין זיוון,1985-09,2007-05
2496205,EN ZIWAN,עין זיוון,1975-01,1985-05
2496260,ORTAL,אורטל,2007-04,2018-07
2496261,ORTAL,אורטל,2018-08,2024-04
2496320,HAR SHIFON,הר שיפון,1969-02,1971-05
2496350,SHIFON JUNCTION,שיפון צומת,1967-11,1969-12
2496400,SINNDIANE,סינדיאנה,1970-01,1973-05
2496430,BASHANIT - AICHIYE,בשנית - עישיה,1970-09,1973-05
2496500,ALLONE HABASHAN,אלוני הבשן,1982-10,2018-07
2496501,ALLONE HABASHAN,אלוני הבשן,2018-08,2024-04
2496600,QESHET,קשת,1974-12,2024-04
2496700,KHOCHNIYE,חושניה,1968-10,1972-05
2496900,NAHAL GESHUR - TEL FARES,נחל גשור- תל פרס,1968-10,1973-05
2497300,JOURNIYE,ג'רניה,1968-10,1970-09
